,Artists,Songs,Rating,Votes,Difficulty,Chords
0,jeff buckley,hallelujah,4.87,38995,novice,"['C', 'Am', 'G', 'F', 'E7']"
1,john legend,all of me,4.83,19759,novice,"['Dadd9', 'Am/C', 'D5', 'C', 'Cmaj7', 'G', 'Am', 'D', 'Esus4', 'Csus2', 'Am/D', 'Gsus4', 'E5', 'Em']"
2,ed sheeran,perfect,4.85,30528,novice,"['Dsus4', 'G', 'C', 'D', 'D/F#', 'G/B', 'Em']"
3,passenger,let her go,4.84,16650,novice,"['G', 'C', 'Am', 'F', 'Em']"
4,jason mraz,im yours,4.74,11920,novice,"['Dsus4', 'G', 'C', 'D', 'Bm', 'A7', 'Em']"
5,elvis presley,cant help falling in love,4.86,18867,intermediate,"['C#7', 'C', 'Am', 'G', 'D', 'F', 'Dm', 'Bm', 'B7', 'F#m', 'A7', 'A', 'Em']"
6,ed sheeran,thinking out loud,4.84,11786,novice,"['C', 'G', 'Am', 'C/E', 'F', 'Dm']"
7,coldplay,the scientist,4.87,10267,novice,"['Bm7', 'Dm7', 'G', 'C', 'D', 'C7', 'Dsus2', 'Dmaj7', 'A7', 'A', 'Bb']"
8,adele,someone like you,4.75,3099,intermediate,"['E/B', 'E9', 'D', 'E', 'A/C#', 'Bm', 'A/G#', 'F#m', 'E9/D', 'A', 'F#m/C#', 'E/D']"
9,bruno mars,when i was your man,4.87,13857,novice,"['Em/B', 'C', 'Am', 'G', 'Em/G', 'G7', 'D7', 'Dm', 'F', 'Fm', 'C/G', 'G/B', 'Em', 'Bb']"
10,justin bieber,love yourself,4.85,10711,novice,"['C', 'Am', 'G', 'Dm', 'F', 'G/B']"
11,vance joy,riptide,4.88,17063,novice,"['G', 'Am', 'C', 'Fmaj7']"
12,ed sheeran,photograph,4.85,13622,novice,"['G', 'Bm', 'A', 'D']"
13,pink floyd,wish you were here,4.82,14244,novice,"['Em7', 'G', 'C', 'Am', 'A7sus4', 'D/F#', 'Am/E']"
14,radiohead,creep,4.85,15943,novice,"['G', 'B', 'C', 'Cm']"
15,oasis,wonderwall,4.82,7526,,"['Dsus4', 'Em7', 'G', 'C', 'D', 'G/F#', 'A7sus4', 'Cadd9', 'Em']"
16,oasis,dont look back in anger,4.87,11409,novice,"['E7/G#', 'C', 'Am', 'G', 'F', 'Fm', 'E7', 'E/G#']"
17,train,hey soul sister,4.83,6696,novice,"['C', 'Am', 'G', 'F']"
18,goo goo dolls,iris,4.73,4070,novice,"['Bsus2', 'G', 'D', 'Bm', 'F#m', 'Bm/A', 'A', 'Em']"
19,ed sheeran,i see fire,4.86,9420,novice,"['G', 'C', 'D', 'Am7', 'G/B', 'Em']"
20,taylor swift,love story,4.83,5576,novice,"['C', 'Am', 'G', 'D', 'F', 'Bm', 'A']"
21,oasis,wonderwall,4.46,1549,intermediate,"['D', 'F#m7', 'Esus4', 'F#m', 'B7sus4', 'A']"
22,paramore,the only exception,4.89,7011,novice,"['G', 'Cmaj7', 'Am', 'C', 'D', 'Dm', 'F']"
23,the beatles,let it be,4.73,6182,novice,"['Dm7', 'C', 'Am', 'F6', 'G', 'C/E', 'F/A', 'F', 'Fmaj7', 'C/G', 'Bb']"
24,coldplay,viva la vida,4.87,8838,,"['C', 'G', 'D', 'Bm', 'Em']"
25,plain white ts,hey there delilah,4.86,7419,novice,"['G', 'D', 'Bm', 'F#m', 'A']"
26,imagine dragons,radioactive,4.87,16010,novice,"['C', 'Am', 'G', 'Cmaj7', 'G6sus2', 'G6', 'D']"
27,extreme,more than words,4.80,4081,intermediate,"['Bm7', 'Em7', 'G', 'C', 'D', 'G7', 'D7', 'Bm', 'D/F#', 'Cadd9', 'Am7', 'G/B', 'Em', 'Cm']"
28,the beatles,hey jude,4.67,2378,,"['F7', 'Bb/A', 'C', 'F6', 'C6', 'Gm', 'C/E', 'F', 'C7', 'Csus4', 'Gm7', 'Fmaj7', 'Eb', 'C7sus4', 'Bb']"
29,adele,rolling in the deep,4.30,1219,intermediate,"['Ab', 'G5', 'G', 'Gm', 'C5', 'Bb5', 'Cm', 'Bb']"
30,jason mraz,im yours,4.64,2206,novice,"['D7/F#', 'C', 'Am', 'G', 'F', 'G/B']"
31,sam smith,stay with me,4.77,4940,novice,"['G#dim', 'C', 'Am', 'G', 'F', 'Am7', 'Gsus']"
32,bruno mars,just the way you are,4.80,3731,novice,"['Bm7', 'D', 'G']"
33,green day,boulevard of broken dreams,4.76,6912,novice,"['D#5', 'G', 'C', 'B', 'D', 'A/C#', 'B7', 'A', 'Em']"
34,ed sheeran,the a team,4.86,4399,,"['C', 'G', 'G/F#', 'Dadd4', 'A7sus4', 'D/F#', 'Cadd9', 'Am7', 'Em']"
35,kodaline,all i want,4.89,7071,novice,"['C', 'G', 'Am', 'F', 'Dm', 'G/B']"
36,onerepublic,counting stars,4.84,5738,intermediate,"['C', 'Am', 'G', 'Dm', 'F']"
37,johnny cash,hurt,4.84,10204,novice,"['C', 'Am', 'G', 'D', 'F']"
38,christina perri,jar of hearts,4.84,3773,novice,"['G', 'D', 'Gm', 'A/C#', 'F#', 'Bm7/A', 'Bm', 'D/F#', 'Gdim7', 'A', 'Em', 'D5/A', 'E/G#']"
39,john lennon,imagine,4.82,7563,,"['Dm7', 'C', 'Cmaj7', 'G', 'E', 'F/C', 'G7', 'F', 'E7', 'C/G', 'Am/E']"
40,green day,good riddance time of your life,4.86,10111,novice,"['G', 'C', 'D', 'Cadd9', 'Em']"
41,taylor swift,you belong with me,4.84,5046,novice,"['G', 'A', 'Em', 'D']"
42,the animals,house of the rising sun,4.79,6974,novice,"['F7', 'C', 'Am', 'E', 'D', 'C/E', 'F', 'Dm', 'E7']"
43,coldplay,fix you,4.83,6439,novice,"['C', 'G', 'Em/G', 'F', 'Gsus4', 'Am7', 'Em']"
44,eagles,hotel california,4.84,14219,novice,"['G', 'Am', 'C', 'E', 'D', 'F', 'Dm', 'E7']"
45,bruno mars,grenade,4.83,2260,,"['C', 'Am', 'Gm', 'Dm', 'F', 'A7', 'A', 'Bb']"
46,the fray,how to save a life,4.77,3125,,"['G', 'C', 'D', 'D/F#', 'Em']"
47,snow patrol,chasing cars,4.79,4820,novice,"['D', 'Dsus2', 'Dmaj7', 'A', 'E/G#']"
48,the script,breakeven,4.84,2862,novice,"['C', 'G', 'D', 'Am7', 'Em']"
49,adele,someone like you,4.84,9411,novice,"['G', 'C', 'Am', 'D', 'Bm', 'Em']"
50,misc cartoons,frozen let it go,4.79,3823,intermediate,"['Bm7', 'Asus4', 'Em7', 'C', 'Am', 'G', 'D', 'Dsus4/F#', 'Cadd9', 'A', 'Em', 'Cm', 'Bb']"
51,rihanna,stay,4.84,4639,novice,"['Am7/G', 'C', 'Am', 'G', 'Dm', 'F', 'Em']"
52,a great big world,say something,4.83,5966,novice,"['Asus4', 'D/A', 'G', 'Gsus2', 'D', 'Dmaj7/F#', 'Bm']"
53,misc soundtrack,a star is born shallow,4.87,15587,novice,"['Em7', 'G', 'C', 'Am', 'D', 'Bm', 'D/F#', 'Am/G', 'Cadd9', 'A', 'Em']"
54,creedence clearwater revival,have you ever seen the rain,4.83,10661,novice,"['C', 'Am', 'G', 'C/B', 'F/C', 'F', 'Am/G']"
55,james blunt,youre beautiful,4.79,2892,novice,"['Em7', 'G', 'G/F#', 'D/F#', 'Cadd9']"
56,adele,when we were young,4.87,6490,novice,"['C', 'Am', 'C/B', 'C/E', 'G', 'F', 'Dm', 'Fm', 'C/G', 'G/Ab', 'Gsus4', 'Em']"
57,the beatles,yesterday,4.80,4147,,"['Em7', 'C', 'G7', 'Gm', 'F', 'Dm', 'Dm/C', 'C7', 'A7', 'Bb']"
58,the lumineers,ho hey,4.81,5304,novice,"['C', 'G', 'Am', 'Ho', 'F', 'Gsus']"
59,sam smith,im not the only one,4.84,4474,intermediate,"['C', 'Bb/C', 'F', 'Dm', 'A', 'Bb']"
60,james arthur,say you wont let go,4.87,8888,,"['G', 'C', 'Em', 'D']"
61,pnk,just give me a reason,4.73,2406,novice,"['Dsus4', 'C', 'Am', 'G', 'D', 'A/C#', 'Bm', 'D/F#', 'Am7', 'G/B', 'Em']"
62,foster the people,pumped up kicks,4.87,3404,intermediate,"['Fm', 'Ab', 'Eb', 'Bb']"
63,death cab for cutie,i will follow you into the dark,4.91,7926,novice,"['C', 'Am', 'G', 'E', 'F', 'Am/G', 'Fm', 'C/G', 'Am/E', 'G/B']"
64,don mclean,american pie,4.87,8533,novice,"['Em7', 'G', 'Am', 'C', 'D', 'D7', 'D/F#', 'A7', 'Am7', 'G/B', 'Em', 'Cm']"
65,bon iver,skinny love,4.74,2887,novice,"['C', 'Am', 'C/B', 'D6sus2', 'G', 'F', 'Fmaj7/C']"
66,the script,the man who cant be moved,4.80,2104,intermediate,"['G', 'C', 'Am', 'D', 'D/F#', 'Em']"
67,the cranberries,zombie,4.84,8441,novice,"['C', 'D/F#', 'Em', 'G']"
68,oasis,wonderwall,4.75,3275,novice,"['G', 'C', 'D', 'A7sus4', 'Em']"
69,mumford sons,little lion man,4.85,3334,novice,"['C', 'Am', 'G', 'F', 'Fmaj7']"
70,john denver,take me home country roads,4.86,9602,novice,"['G', 'C', 'D', 'D7', 'F', 'Em']"
71,kings of leon,use somebody,4.80,2097,,"['C', 'Am', 'C/E', 'D', 'F#', 'F']"
72,david guetta,titanium,4.85,4757,novice,"['Asus2', 'C', 'Am', 'G', 'F', 'Em']"
73,armada,harusnya aku,4.82,200,,"['C', 'G', 'Am', 'F', 'Dm', 'Em']"
74,lewis capaldi,someone you loved,4.88,12118,novice,"['C', 'Am', 'G', 'Dm', 'F']"
75,gotye,somebody that i used to know,4.74,2381,novice,"['G', 'Am', 'F']"
76,green day,21 guns,4.81,1992,novice,"['D5', 'A5', 'C', 'C/E', 'F', 'Dm', 'C5', 'A', 'Bb5', 'F5', 'Bb']"
77,misc soundtrack,a star is born shallow,4.85,9037,novice,"['G', 'C', 'Am', 'D', 'Bm', 'A', 'Em']"
78,ed sheeran,shape of you,4.83,1317,novice,"['G', 'Bm', 'A', 'Em']"
79,of monsters and men,little talks,4.88,5002,novice,"['C', 'Am', 'G', 'F', 'Fmaj7']"
80,adele,make you feel my love,4.88,6615,,"['G', 'C', 'D', 'D7', 'F', 'B7', 'C/D', 'A7', 'Cm']"
81,train,drops of jupiter,4.82,4432,,"['C', 'G', 'D', 'F', 'Dm', 'Bb']"
82,shawn mendes,stitches,4.79,2115,,"['G', 'Am', 'C', 'F']"
83,jeff buckley,hallelujah,4.84,4017,novice,"['G', 'C', 'D', 'D/F#', 'B7', 'Em']"
84,jason mraz,lucky,4.80,2268,,"['Dm7', 'G#dim', 'C', 'Am', 'G', 'C/B', 'Am7', 'E7', 'Gsus4', 'Em']"
85,jeff buckley,hallelujah,4.81,2853,novice,"['G', 'C', 'D', 'B7', 'Em']"
86,secondhand serenade,fall for you,4.90,2400,novice,"['F', 'Am', 'G', 'C']"
87,radiohead,karma police,4.89,5590,novice,"['G', 'Am', 'C', 'C/B', 'D', 'F#7', 'G/F#', 'E', 'F', 'Bm', 'D/F#', 'Em']"
88,fiersa besari,waktu yang salah,4.81,318,,"['G', 'Am', 'C', 'E', 'D', 'Dm', 'Bm', 'C/D', 'Em', 'Cm']"
89,calum scott,you are the reason,4.87,4636,novice,"['G', 'C', 'D', 'Em', 'Cm']"
90,bob marley,redemption song,4.84,4585,novice,"['Em7', 'G', 'C', 'Am', 'C/B', 'D', 'Am6', 'Am7', 'G/B', 'Em']"
91,bob dylan,knockin on heavens door,4.84,7371,novice,"['G', 'Am', 'D', 'C']"
92,david guetta,titanium,4.38,1310,,"['C', 'Am', 'G', 'F', 'G/B', 'Em']"
93,frank sinatra,fly me to the moon,4.83,5548,novice,"['Dm7', 'Cmaj7', 'Am', 'C', 'E', 'G7', 'G', 'F', 'Dm', 'E7', 'Fm', 'A7', 'Em']"
94,tab,759809,4.86,2799,,"['G', 'Am', 'Em', 'C']"
95,cat stevens,father and son,4.84,8482,novice,"['G', 'C', 'Am', 'G/D', 'D', 'Bm', 'D/F#', 'C/G', 'Am7', 'Em']"
96,ed sheeran,the a team,4.86,2821,,"['G', 'C', 'Am', 'D', 'D/F#', 'Cadd9', 'Em']"
97,the neighbourhood,sweater weather,4.89,5795,novice,"['C', 'Am', 'G', 'D', 'Em']"
98,imagine dragons,demons,4.74,2369,,"['G', 'Bm', 'A', 'D']"
99,dolly parton,jolene,4.87,11557,novice,"['C', 'Am', 'Em', 'G']"
100,guns n roses,sweet child o mine,4.75,2173,,"['C', 'G', 'B', 'D', 'A', 'Em']"
101,ben e king,stand by me,4.76,2611,,"['A', 'E', 'D', 'F#m']"
102,4 non blondes,whats up,4.86,8099,novice,"['G', 'Am', 'C']"
103,magic,rude,4.77,2165,novice,"['C', 'G', 'D', 'G/B', 'Em']"
104,old crow medicine show,wagon wheel,4.87,6283,novice,"['G', 'C', 'Em', 'D']"
105,james bay,let it go,4.87,4302,novice,"['Em/C#', 'G', 'C', 'Am', 'D', 'Em']"
106,birdy,skinny love,4.84,3856,novice,"['C', 'Am', 'F', 'Dm', 'Em']"
107,hillsong united,oceans where feet may fail,4.88,3771,intermediate,"['G', 'Em/G', 'D', 'A/C#', 'Bm', 'A', 'Em']"
108,avicii,wake me up,4.67,1341,novice,"['G', 'Bm', 'A', 'D']"
109,bryan adams,heaven,4.81,2530,intermediate,"['Bb/A', 'C', 'Am', 'G', 'C/E', 'F', 'Dm', 'Gsus4', 'G/B', 'Bb']"
110,matt redman,10000 reasons bless the lord,4.86,4700,novice,"['Dsus4', 'C2', 'C', 'G', 'D', 'D/F#', 'C/G', 'Gsus4', 'Em']"
111,anji,menunggu kamu,4.87,472,novice,"['C', 'Am', 'G', 'B', 'F', 'Dm', 'E7', 'A', 'Em']"
112,a great big world,say something,4.85,3870,novice,"['C', 'Am', 'F', 'Gsus4', 'Em']"
113,gary jules,mad world,4.87,7286,novice,"['G', 'A', 'Em', 'D']"
114,elton john,your song,4.82,4569,,"['Em7', 'G', 'D', 'G6', 'A/C#', 'F#', 'Bm', 'F#m', 'Bm/A', 'A', 'Em', 'Gmaj7', 'Bm/G#']"
115,avenged sevenfold,so far away,4.90,2064,novice,"['G', 'C', 'Am', 'Em/G', 'D', 'E', 'Bm', 'D/F#', 'Em']"
116,ed sheeran,thinking out loud,4.85,3498,novice,"['C', 'G', 'Am', 'Dm', 'F', 'Am7']"
117,sixpence none the richer,kiss me,4.81,1419,,"['Bm7', 'Asus4', 'D/A', 'G', 'D', 'D7', 'Bm', 'D/C#', 'Dmaj7', 'Gmaj7', 'A', 'Em']"
118,taylor swift,teardrops on my guitar,4.88,2579,novice,"['G', 'C', 'Em', 'D']"
119,r e m ,losing my religion,4.82,3653,,"['Am/B', 'Am/C', 'G', 'Am', 'C', 'F', 'Dm', 'Am/D', 'Em']"
120,lukas graham,7 years,4.77,4081,novice,"['G', 'C', 'Cmaj7', 'D', 'Bm', 'D/F#', 'Em']"
121,queen,love of my life,4.84,5074,intermediate,"['G', 'B', 'E', 'D', 'Gm', 'Bm', 'E7', 'Cdim', 'F#m', 'A7', 'A', 'Em']"
122,train,hey soul sister,4.72,599,intermediate,"['A', 'B', 'C#m', 'E']"
123,bruno mars,it will rain,4.88,1836,novice,"['C', 'Am', 'G', 'Gsus2', 'Cmaj7', 'Dm', 'F', 'E7', 'Em']"
124,taylor swift,safe and sound,4.79,1626,novice,"['G', 'D', 'Bm', 'A', 'Em']"
125,bright eyes,first day of my life,4.88,4767,novice,"['Fsus2', 'C', 'Am', 'G', 'C/B', 'G7', 'D7', 'F', 'E7', 'Dsus2']"
126,taylor swift,i knew you were trouble,4.81,1471,novice,"['G', 'Bm', 'A', 'D']"
127,queen,bohemian rhapsody,4.80,2576,intermediate,"['F/G', 'Bbdim', 'D#7', 'G', 'C', 'Bbdim7', 'Am/F#', 'Em7', 'Gm/Bb', 'C#', 'C/E', 'D', 'E', 'F#', 'D7', 'F/C', 'D/F#', 'Am7', 'G/B', 'Em', 'A', 'Ab', 'Bb', 'Ddim/F', 'Am', 'B', 'G7', 'Fm', 'Am/G', 'D#', 'Am/E', 'G#m', 'Am/F', 'Dm7', 'G#', 'D7/A', 'D#dim', 'Dm', 'F', 'A#', 'Cdim', 'Am/G#', 'A7']"
128,tracy chapman,fast car,4.76,2919,intermediate,"['Cmaj7', 'C', 'G', 'D', 'Em']"
129,sia,chandelier,4.85,3206,novice,"['G', 'Am', 'C', 'C/E', 'F', 'Em']"
130,queen,bohemian rhapsody,4.80,1630,advanced,"['F7', 'F#7', 'Db/B', 'Gm', 'Bb7', 'Eaug', 'Bm', 'Gm7', 'C/G', 'B7', 'Eb', 'Ddim', 'Fm7', 'Abmaj7', 'Baug', 'D', 'Ab7', 'Dm7b5', 'F#dim', 'C7', 'Ab/Eb', 'D7', 'Bb/D', 'A', 'Ab', 'C#dim7', 'Bb', 'A7', 'B', 'F7/C', 'Gaug', 'Ab/Bb', 'Db7', 'Db/C', 'Fm', 'C7-9', 'Am7b5', 'Adim', 'Db/Ab', 'Gb7', 'Eb/G', 'Bdim7', 'Db', 'Eb/Bb', 'Abdim', 'Abm', 'Bbm/Db', 'Gb', 'Ebdim7', 'Ebdim', 'Eb7', 'F', 'E7', 'Cm7', 'Db/Bb', 'Cm']"
131,the beatles,let it be,4.79,1397,,"['C', 'Am', 'G', 'F6', 'E', 'D', 'F', 'Fmaj7', 'Am7']"
132,bruno mars,the lazy song,4.68,359,intermediate,"['B', 'E', 'F#', 'C#m', 'D#', 'G#m', 'D#m']"
133,jason mraz,im yours,4.69,1000,intermediate,"['B', 'E', 'F#', 'C#9/F', 'G#m']"
134,one direction,little things,4.81,2124,novice,"['G', 'C', 'Am', 'D', 'Em']"
135,simon garfunkel,the sound of silence,4.83,8961,novice,"['G', 'Am', 'C/B', 'C', 'F']"
136,red hot chili peppers,californication,4.84,3319,,"['G', 'Am', 'C', 'E', 'D', 'F', 'Dm', 'Bm', 'Fmaj7', 'F#m', 'A']"
137,justin bieber,baby,3.88,558,,"['C', 'Am', 'G', 'F']"
138,coldplay,yellow,4.84,7427,novice,"['Dm7', 'G', 'C', 'Cmaj7', 'D', 'Em']"
139,journey,dont stop believin,4.78,3068,novice,"['B', 'E', 'C#m', 'G#m', 'A']"
140,taylor swift,blank space,4.81,1774,,"['G', 'D', 'A7sus4', 'Bm', 'A', 'Em']"
141,sam smith,too good at goodbyes,4.86,3495,novice,"['C', 'Am', 'Dm', 'G']"
142,lady antebellum,need you now,4.76,1623,novice,"['C', 'Am', 'G', 'F', 'Gsus', 'G/B', 'Em']"
143,ed sheeran,give me love,4.86,2289,novice,"['Bmaj7', 'B7+', 'B', 'E', 'F#', 'C#m', 'G#m', 'B5', 'G#m7']"
144,bastille,pompeii,4.87,4321,novice,"['C', 'Em', 'D', 'G']"
145,aerosmith,i dont want to miss a thing,4.65,955,novice,"['G', 'C', 'D', 'F', 'Bm', 'Dm', 'F#m', 'A', 'Em', 'Bb']"
146,bruno mars,the lazy song,4.79,1251,,"['G', 'C', 'Am', 'D', 'Bm', 'B7', 'Em']"
147,maroon 5,payphone,4.52,334,intermediate,"['Dsus4', 'G', 'C', 'D', 'Cadd9', 'Em']"
148,death cab for cutie,i will follow you into the dark,4.79,1003,,"['C', 'E', 'Dm', 'F', 'Bbm', 'A', 'Bb']"
149,linkin park,numb,4.88,2792,,"['Bm7', 'C', 'G', 'B', 'D', 'D/F#', 'Bsus4', 'Em']"
150,lifehouse,you and me,4.64,631,,"['Cm/F', 'G', 'C', 'Am', 'Cm/D', 'D', 'G/F#', 'Bm', 'G/B', 'Em', 'Cm/Eb', 'Cm']"
151,johnny cash,ring of fire,4.80,4336,,"['G', 'C', 'D']"
152,adam levine,lost stars,4.80,707,,"['G', 'C', 'D', 'Dm', 'Fmaj7', 'Em']"
153,the beatles,hey jude,4.87,4790,intermediate,"['F7', 'G', 'C', 'D', 'G7', 'Gm', 'D7', 'C7', 'Bm', 'F', 'Dm', 'A7', 'A', 'Em', 'Eb', 'Bb']"
154,pixies,where is my mind,4.87,2378,,"['Am', 'G#', 'E', 'B', 'C#m', 'A']"
155,bill withers,aint no sunshine,4.82,8156,intermediate,"['Dm', 'Am', 'Em/G', 'Em']"
156,israel kamakawiwoole,over the rainbow what a wonderful world,4.75,1160,,"['Bm7', 'Em7/D', 'D/A', 'Em/B', 'G', 'C', 'C/B', 'D', 'D/F#', 'G/B', 'Em']"
157,mumford sons,i will wait,4.85,2772,novice,"['Em7', 'C', 'Am', 'G', 'F', 'Em', 'G2']"
158,carly rae jepsen,call me maybe,4.00,489,,"['G', 'C', 'Em', 'D']"
159,hozier,take me to church,4.82,4088,novice,"['G', 'Am', 'C', 'D', 'F#', 'F', 'B7', 'Em', 'Cm']"
160,camila cabello,havana,4.77,1529,novice,"['C', 'Em', 'B7']"
161,taylor swift,back to december,4.90,1433,novice,"['Dsus4', 'G', 'D', 'Bm', 'F#m', 'A']"
162,john denver,take me home country roads,4.86,9577,,"['G', 'G/D', 'C', 'D', 'D7', 'F', 'D/F#', 'Em']"
163,nirvana,smells like teen spirit,4.60,1407,,"['G', 'C', 'A', 'E']"
164,meghan trainor,like im gonna lose you,4.82,2403,novice,"['C', 'Am', 'G', 'C/E', 'Dm', 'F', 'Em']"
165,jason mraz,im yours,4.30,332,,"['E', 'D', 'Bm', 'C#m', 'B7', 'F#m', 'Dmaj7', 'A']"
166,eric clapton,tears in heaven,4.75,2676,intermediate,"['F#7', 'C', 'G', 'E7sus4', 'A/E', 'Bm7/E', 'E', 'E7sus', 'D/F#', 'F#m', 'G/B', 'A', 'Em', 'E/G#', 'Bm7', 'Am', 'A7/E', 'C#/E#', 'E7']"
167,taylor swift,everything has changed,4.83,1937,novice,"['Dsus4', 'Em7', 'G', 'D', 'Bm', 'A']"
168,charlie puth,one call away,4.85,3077,,"['C', 'Am', 'G', 'F', 'E7', 'Am7']"
169,david bowie,space oddity,4.88,10455,intermediate,"['D7/F#', 'C', 'Am', 'G', 'E', 'D', 'F', 'Am/G', 'Fm', 'E7', 'Fmaj7', 'C/G', 'A', 'Em', 'Bb']"
170,u2,with or without you,4.75,1868,,"['G', 'Bm', 'A', 'D']"
171,ed sheeran,lego house,4.72,940,novice,"['G', 'C', 'D', 'G/B', 'Em']"
172,metallica,nothing else matters,4.67,1161,,"['C', 'G', 'D', 'B7', 'A', 'Em']"
173,america,a horse with no name,4.74,3175,,"['Dmaj9', 'Em', 'Em9', 'D6/9']"
174,adele,make you feel my love,4.85,4048,intermediate,"['Baug', 'G', 'C', 'G7', 'D7', 'F', 'A7sus4', 'D/F#', 'B7', 'A7', 'Am7', 'G/B', 'Em', 'Cm']"
175,ed sheeran,happier,4.89,5245,novice,"['F', 'Am7', 'C']"
176,christina perri,a thousand years,4.81,2651,novice,"['Em7', 'Dsus4', 'G', 'D', 'A7sus4', 'D/F#', 'Cadd9']"
177,ed sheeran,photograph,4.88,2827,novice,"['C', 'Am', 'G', 'F']"
178,bruno mars,count on me,4.85,3649,,"['C', 'Am', 'G', 'F', 'Dm', 'Em']"
179,ed sheeran,castle on the hill,4.82,1961,novice,"['G', 'D', 'Bm7#5', 'A7sus4', 'Bm', 'D/F#', 'A']"
180,calum scott,dancing on my own,4.83,4313,novice,"['C', 'F', 'Am', 'G']"
181,eagles,take it easy,4.81,5536,novice,"['D7sus4/G', 'Am7/G', 'G', 'C', 'Am', 'D', 'G7', 'Em']"
182,passenger,let her go,4.78,1224,novice,"['Dsus4', 'C', 'G', 'D', 'Bm', 'Em']"
183,poison,every rose has its thorn,4.81,2948,,"['G', 'C', 'D', 'Cadd9', 'Em']"
184,chris isaak,wicked game,4.85,5131,,"['Bm', 'A', 'E']"
185,bob marley,three little birds,4.78,3234,,"['A', 'E', 'D']"
186,green day,wake me up when september ends,4.62,708,,"['Em7', 'G', 'C', 'D', 'G/F#', 'Bm', 'D/F#', 'Cadd9', 'Em', 'Cm']"
187,joseph vincent,cant take my eyes off you,4.82,1744,intermediate,"['C', 'G', 'Bb7', 'Gm7', 'B7', 'Fm7', 'Em7', 'D', 'C7', 'Am7', 'Em', 'Bm7', 'G7', 'Dm7', 'Cmaj7', 'D7sus4', 'F', 'F#m7', 'Dmaj7', 'A7']"
188,miley cyrus,the climb,4.49,435,,"['B', 'E', 'C#m', 'F#m', 'G#m', 'A']"
189,taylor swift,we are never ever getting back together,4.75,771,novice,"['Em7', 'G', 'D', 'D/F#', 'Cadd9']"
190,christina perri,a thousand years,4.71,1724,novice,"['G', 'Am', 'D', 'Cadd9', 'Em']"
191,the beatles,across the universe,4.84,2900,novice,"['Em7', 'G', 'D', 'Gm', 'A7sus4', 'Bm', 'F#m', 'A7', 'A']"
192,virgoun,surat cinta untuk starla,4.86,373,,"['C', 'G', 'Am', 'E', 'D', 'G7', 'F#', 'Bm', 'F#m', 'A', 'Em']"
193,natalie imbruglia,torn,4.77,898,,"['C', 'Am', 'Gm', 'F', 'Dm', 'Bb']"
194,labrinth,jealous,4.85,1351,,"['F7', 'C', 'G', 'Bb7', 'F7b9', 'Eb', 'Fm7', 'Abmaj7', 'Cm', 'C7', 'Gbdim7', 'Ebmaj7', 'Ab', 'Bb', 'Bb7-9', 'Am', 'G7', 'Fm', 'F', 'Dm', 'Cm7', 'Db7-9']"
195,luis fonsi,despacito,4.80,1285,novice,"['G', 'Bm', 'A', 'D']"
196,bruno mars,count on me,4.81,1738,novice,"['C', 'Am', 'G', 'F', 'Dm', 'Em']"
197,avicii,wake me up,4.79,2270,novice,"['G', 'D', 'F#', 'Bm', 'A']"
198,nirvana,where did you sleep last night,4.83,1915,,"['G', 'B', 'A', 'E']"
199,john denver,take me home country roads,4.82,1815,intermediate,"['G', 'C', 'E', 'D', 'D7', 'F', 'E7', 'F#m', 'A', 'Em']"
200,chris tomlin,how great is our god,4.77,1163,,"['Em7', 'G', 'C', 'D', 'C2']"
201,chuck berry,johnny b goode,4.76,789,,"['F', 'Eb', 'Go', 'Bb']"
202,coldplay,fix you,4.73,1415,,"['C', 'Am', 'Cmaj7', 'G', 'F', 'C/G', 'Fmaj7']"
203,adam sandler,grow old with you,4.88,1537,,"['E', 'D', 'Bm', 'C#m', 'A7', 'A']"
204,misc christmas,jingle bells,4.71,1806,novice,"['G', 'C', 'Am', 'D', 'D7', 'A7']"
205,andmesh kamaleng,hanya rindu,4.88,243,novice,"['C', 'Am', 'G', 'E', 'D', 'Bm', 'F#m', 'A', 'G/B', 'Em']"
206,the killers,mr brightside,4.86,3930,,"['C', 'C/B', 'G', 'Am', 'F']"
207,one direction,what makes you beautiful,4.48,256,novice,"['B', 'A', 'E']"
208,owl city,fireflies,4.78,1644,novice,"['G', 'C', 'Am', 'D', 'F', 'Em']"
209,creedence clearwater revival,bad moon rising,4.84,6184,novice,"['G', 'A', 'D']"
210,judy garland,have yourself a merry little christmas,4.81,3151,,"['Em7', 'Bbdim', 'G', 'Cmaj7', 'Am', 'F#7', 'D', 'G7', 'D7', 'Bm', 'E7', 'Cm6', 'B7', 'A7', 'Am7', 'Em', 'Gmaj7']"
211,counting crows,mr jones,4.83,3034,,"['G', 'Am', 'C', 'F', 'Dm', 'Fmaj7']"
212,ellie goulding,your song,4.87,1925,novice,"['G', 'C', 'Am', 'D', 'G/F#', 'A', 'Em']"
213,the calling,wherever you will go,4.82,807,,"['C', 'Am', 'G', 'F', 'Em', 'Gadd11/B']"
214,sam smith,stay with me,4.81,926,novice,"['F', 'Am', 'G', 'C']"
215,parokya ni edgar,harana,4.62,297,,"['Esus', 'G', 'C', 'Am', 'E', 'D', 'Dsus', 'CM7', 'G7', 'Bm', 'Cadd9', 'A']"
216,eagle eye cherry,save tonight,4.75,1232,,"['F', 'Am', 'G', 'C']"
217,adele,rolling in the deep,4.79,2170,novice,"['G', 'Am', 'F', 'E7', 'Em', 'E7#5']"
218,wham,last christmas,4.76,1435,novice,"['Bm', 'A', 'Em', 'D']"
219,bryan adams,summer of 69,4.80,2688,novice,"['G', 'C', 'D', 'F', 'Bm', 'A', 'Bb']"
220,lana del rey,summertime sadness,4.86,2056,,"['F', 'Am', 'Dm', 'G']"
221,alan walker,faded,4.86,2074,,"['F', 'Am', 'G', 'C']"
222,toto,africa,4.82,1567,,"['D#7', 'B/F#', 'C#m7', 'B', 'E', 'D', 'A/E', 'C#m', 'F#m', 'G#m', 'A', 'D#m']"
223,onerepublic,apologize,4.82,2533,novice,"['F', 'Am', 'G', 'C']"
224,one direction,night changes,4.87,2283,novice,"['G', 'C', 'E', 'D', 'Bm', 'C#m', 'F#m', 'A', 'Em']"
225,coldplay,fix you,4.86,2715,intermediate,"['C', 'G', 'F', 'Am7', 'Em']"
226,misc praise songs,amazing grace,4.80,1399,,"['F7', 'G', 'C', 'Bb/F', 'D/A', 'E', 'D', 'D7', 'C7', 'F#m', 'A', 'Em', 'Bb', 'B', 'G7', 'C/D', 'Bb/C', 'F', 'Dm', 'E7', 'A7']"
227,anda,menghitung hari 2,4.88,149,,"['C', 'Am', 'G', 'Dm', 'Dm/C', 'G/B']"
228,misc soundtrack,a star is born always remember us this way,4.89,6305,novice,"['G', 'Am', 'C', 'F', 'Bb']"
229,justin bieber,sorry,4.84,1015,novice,"['F', 'Am', 'Dm', 'G']"
230,glen hansard,falling slowly,4.83,2060,novice,"['C', 'F', 'G', 'Am']"
231,darius rucker,wagon wheel,4.86,6228,novice,"['G', 'C', 'Em', 'D']"
232,adele,rolling in the deep,4.53,534,novice,"['G', 'Am', 'E', 'F', 'Em']"
233,adele,set fire to the rain,4.76,1744,,"['Am/B', 'G/A', 'C', 'Am', 'G', 'C/E', 'Dm', 'F', 'Em']"
234,katy perry,roar,4.78,1248,novice,"['Em7', 'G', 'Gsus2', 'Am', 'C', 'D', 'Gsus2/C', 'Gsus2/A', 'Em']"
235,adele,set fire to the rain,4.64,268,,"['C', 'Am', 'G', 'Gm', 'F/A', 'Dm', 'F', 'Bb']"
236,red hot chili peppers,under the bridge,4.48,322,,"['F7', 'B/F#', 'C', 'B', 'E', 'D', 'G6', 'F#', 'F', 'C#m', 'Emaj7', 'E7', 'F#m', 'G#m', 'Am7', 'A']"
237,the band perry,if i die young,4.74,542,,"['A6', 'G', 'D', 'Bm', 'A7', 'A']"
238,kodaline,high hopes,4.90,2183,,"['C', 'C/B', 'Am', 'G', 'F', 'E7']"
239,adele,all i ask,4.85,1211,,"['F/G', 'C', 'G', 'Bb7', 'C/G', 'Ab7/C', 'E', 'C/E', 'Ab7', 'Ab/C', 'Bbm7', 'Bb/D', 'G/B', 'Em', 'C/Bb', 'Dm7/G', 'E/G#', 'Am', 'E/B', 'G7', 'Gb/Ab', 'Db/F', 'Db', 'Dm7', 'Ab7sus4', 'F', 'Dm', 'A7/C#', 'G/F', 'A7', 'Ebm']"
240,coldplay,clocks,4.85,2128,,"['C', 'Am', 'Em/G', 'G', 'D', 'Fmaj7', 'Em']"
241,amy winehouse,back to black,4.85,3069,,"['Bb', 'Gm', 'Dm', 'F', 'A7', 'A', 'Bbmaj7']"
242,the beatles,while my guitar gently weeps,4.84,3877,,"['Dsus4', 'G', 'Am', 'F#m7b5', 'E', 'D', 'C', 'Am/G', 'C#m', 'Bm', 'Dsus2', 'Esus4', 'F#m', 'Fmaj7', 'A']"
243,u2,one,4.82,1902,,"['G', 'Am', 'C', 'Dsus2', 'Fmaj7']"
244,taylor swift,our song,4.87,1365,novice,"['Em7', 'Asus4', 'G', 'D', 'A', 'Em']"
245,ed sheeran,kiss me,4.88,1260,novice,"['G', 'A/D', 'D', 'Gm', 'Bm', 'A', 'Bb/A']"
246,milky chance,stolen dance,4.83,1146,novice,"['B', 'E', 'F#', 'D#', 'G#m']"
247,misc cartoons,aladdin a whole new world,4.75,976,,"['F7', 'F#7', 'G', 'C', 'Gm', 'F/Bb', 'F/A', 'Bm', 'Bbdim7', 'Gm7', 'D/G', 'Bm/A', 'Eb', 'Bbmaj7', 'C/E', 'D', 'F/C', 'D7', 'C7', 'D/F#', 'A', 'Em', 'Bb', 'Bm7', 'G7', 'A/C#', 'Dm/C', 'Dm7', 'Dsus4', 'Dbdim7', 'F', 'Dm', 'E7', 'Csus4', 'A7']"
248,ed sheeran,i see fire,4.83,1911,novice,"['C', 'Am', 'G', 'F', 'Dm', 'Em']"
249,bruno mars,talking to the moon,4.84,2602,novice,"['C', 'Am', 'G', 'D', 'F', 'Dm', 'E7', 'G/B']"
250,john denver,leaving on a jet plane,4.83,3280,,"['G', 'C', 'D']"
251,johnny cash,hurt,4.87,5434,novice,"['C', 'Am', 'G', 'D', 'F']"
252,leonard cohen,hallelujah,4.82,3237,novice,"['G', 'C', 'D', 'B7', 'Em']"
253,shawn mendes,treat you better,4.83,1362,intermediate,"['G', 'Am', 'C', 'F']"
254,josh groban,you raise me up,4.78,1040,,"['Asus4', 'G', 'B', 'Bb', 'E', 'D', 'C', 'Dm', 'Bm', 'D/F#', 'C#m', 'F', 'Bsus4', 'A', 'E/G#']"
255,ed sheeran,supermarket flowers,4.91,4788,novice,"['Dm7', 'C', 'Am', 'G', 'Fadd9', 'F', 'Dm', 'Em']"
256,neil young,heart of gold,4.76,3029,novice,"['Em7', 'C', 'G', 'D', 'Em']"
257,tab,188005,4.77,1313,,"['Bm7', 'F/G', 'Asus4', 'G', 'Cmaj7', 'C', 'D', 'Dsus', 'G7', 'F', 'D/F#', 'A', 'Em']"
258,a day to remember,if it means a lot to you,4.86,726,,"['C', 'Am', 'Fmaj', 'G']"
259,taylor swift,fifteen,4.85,857,,"['Em7', 'G', 'C', 'D', 'D/F#', 'Cadd9']"
260,queen,crazy little thing called love,4.69,839,,"['F7', 'G5', 'Dsus4', 'D5', 'C#5', 'A5', 'G', 'C', 'A', 'E', 'D', 'G#5', 'F#', 'E7', 'A7', 'C5', 'G/B', 'Bb']"
261,jason mraz,i wont give up,4.82,2259,,"['Bm7', 'Dsus4', 'Asus4', 'C#dim', 'G', 'C', 'D', 'Bm', 'Gmaj7', 'A', 'Em']"
262,demi lovato,let it go,4.75,1159,novice,"['G', 'C', 'Am', 'D', 'A', 'Em']"
263,the beatles,yesterday,4.86,7105,novice,"['Bm7', 'C', 'Am', 'G', 'E', 'G7', 'D7', 'F', 'Dm', 'E7', 'Dm6']"
264,hozier,take me to church,4.87,1967,,"['G', 'Am', 'C', 'D', 'B7', 'G/B', 'Em', 'Cm']"
265,john legend,all of me,4.85,3650,novice,"['C', 'Am', 'G', 'D', 'C/D', 'Em']"
266,mumford sons,the cave,4.85,2110,,"['C', 'Am', 'G', 'F']"
267,nirvana,the man who sold the world,4.77,1584,,"['C#', 'C', 'F', 'Dm', 'A']"
268,foo fighters,times like these,4.85,2590,,"['Em7', 'Dsus4', 'C', 'Am', 'D', 'Cadd9', 'Am7', 'Em']"
269,ruth b ,lost boy,4.84,662,novice,"['C', 'G/D', 'G', 'Am', 'D', 'G/B', 'Em']"
270,johnny cash,folsom prison blues,4.81,4209,novice,"['A', 'E7', 'E', 'B7']"
271,the animals,house of the rising sun,4.87,6838,novice,"['C', 'Am', 'E', 'D', 'F', 'Dm']"
272,coldplay,paradise,4.55,663,,"['C', 'Gm', 'F', 'Dm', 'Bm7b5', 'Bb']"
273,kings of leon,sex on fire,4.76,731,novice,"['A', 'C#m', 'E']"
274,scorpions,wind of change,4.84,1522,intermediate,"['G', 'Am', 'C', 'E', 'F', 'Dm']"
275,christina perri,a thousand years,4.72,1186,,"['Em7', 'Dsus4', 'G', 'Am', 'D', 'F#', 'D/F#', 'Cadd9', 'G/B', 'Em']"
276,alicia keys,if i aint got you,4.84,2378,novice,"['Bm7', 'Em7', 'G#dim', 'Cmaj7', 'D7', 'Am7', 'Gmaj7']"
277,fiersa besari,celengan rindu,4.82,157,,"['C', 'C/B', 'Am', 'C/E', 'Gm', 'G', 'F', 'Dm', 'Fm', 'A', 'G/B', 'Em', 'C/Bb', 'Bb']"
278,katy perry,firework,4.80,1373,novice,"['G', 'Am', 'C', 'D', 'Em']"
279,moonstar88,torete,4.86,308,,"['G', 'Bm', 'D', 'F#m']"
280,otis redding,sittin on the dock of the bay,4.81,3624,novice,"['G', 'C', 'E', 'D', 'F', 'B7', 'A']"
281,gnarls barkley,crazy,4.87,3679,novice,"['Cmaj7', 'Am', 'C', 'E', 'F', 'Esus4', 'A']"
282,travie mccoy,billionaire,3.78,127,,"['E', 'D', 'F#', 'A/G#', 'F#m', 'A']"
283,coldplay,the scientist,4.80,2270,,"['Bm7', 'Asus4', 'G', 'Dsus2/C#', 'A/D', 'D', 'A/E', 'Dsus2', 'Dmaj7', 'A', 'D6/9']"
284,rise against,hero of war,4.92,2213,,"['B', 'E', 'C#m', 'G#m', 'A']"
285,misc soundtrack,the greatest showman a million dreams,4.85,3863,,"['Em7', 'G', 'C', 'Am', 'B', 'D', 'D/F#', 'A', 'G/B', 'Em']"
286,john mayer,gravity,4.79,1413,,"['Gm/Bb', 'G', 'C', 'Am', 'D7', 'Ebmaj7', 'Am7']"
287,louis armstrong,what a wonderful world,4.81,1508,,"['D9', 'C', 'B7-5', 'F#dim7', 'Gm7', 'Bbmaj7', 'Bb6', 'C#', 'C/E', 'D7', 'C7', 'Bb', 'Am', 'Eb9', 'Gm/C', 'F6', 'Dm/F', 'F', 'Dm', 'C7b9', 'Gm/F', 'A7']"
288,pink floyd,comfortably numb,4.79,3574,novice,"['Asus4', 'Bsus2', 'G', 'C', 'C9', 'D', 'G/F#', 'G/B', 'Bm', 'Cadd9', 'A', 'Em']"
289,billie eilish,ocean eyes,4.88,5767,novice,"['C', 'G', 'Dsus2', 'G/B', 'Em']"
290,third eye blind,jumper,4.72,604,,"['G', 'B', 'C', 'E', 'D', 'Am', 'D11', 'Fmaj7', 'A']"
291,daniel caesar,best part,4.91,1962,novice,"['Am7', 'Gmaj7', 'Dmaj7', 'Bbmaj7']"
292,misc christmas,feliz navidad,4.79,2068,novice,"['G', 'C', 'Em', 'D']"
293,the rolling stones,wild horses,4.77,1013,,"['G', 'C', 'D', 'F/C', 'F', 'Bm', 'Am7']"
294,payung teduh,akad,4.80,580,novice,"['G', 'Am', 'C', 'E', 'D', 'Dm', 'Bm', 'A', 'Em']"
295,fourtwnty,zona nyaman,4.79,157,intermediate,"['C#', 'G', 'B', 'E', 'F#', 'E7', 'C#m', 'B7', 'G#m', 'A7', 'A', 'A7M']"
296,jack johnson,better together,4.77,1732,novice,"['C', 'C/B', 'Am', 'C/E', 'G', 'Dm/F', 'F', 'Am/G', 'Dm']"
297,lorde,royals,4.75,1382,novice,"['C', 'D', 'G']"
298,the beatles,all my loving,4.83,3616,intermediate,"['G', 'C', 'D', 'Bm', 'Bbaug', 'A7', 'A', 'Em']"
299,one direction,story of my life,4.68,768,,"['G', 'D', 'Bm', 'A', 'Em']"
300,james morrison,broken strings,4.86,1377,novice,"['C', 'Am', 'G', 'Dm', 'F', 'Em']"
301,celine dion,my heart will go on,4.70,369,,"['B', 'E', 'F', 'Fm', 'C#m', 'A', 'Ab', 'Eb', 'Db']"
302,shania twain,youre still the one,4.87,1297,novice,"['G', 'A', 'Em', 'D']"
303,pnk,fuckin perfect,4.82,903,,"['G', 'Em7', 'Cadd9', 'Dsus']"
304,jessie j,flashlight,4.81,1185,intermediate,"['C', 'F', 'Am', 'G']"
305,radiohead,creep,4.75,1516,,"['C', 'F', 'E', 'Fm']"
306,kansas,dust in the wind,4.63,572,intermediate,"['Dm7', 'Asus4', 'Asus2', 'C', 'Cmaj7', 'Am', 'G', 'Am/G', 'D/F#', 'Cadd9', 'G/B']"
307,bruno mars,grenade,4.83,716,,"['C', 'Am', 'E', 'F', 'Gmaj', 'Em']"
308,edward sharpe and the magnetic zeros,home,4.86,1332,novice,"['G', 'D', 'Bm', 'D/F#', 'A', 'Em']"
309,sam smith,lay me down,4.82,1652,,"['B', 'E/B', 'Aadd9', 'E', 'B/D#', 'D', 'B7sus2', 'C#m', 'F#m', 'A', 'A/B']"
310,the beatles,in my life,4.86,2837,intermediate,"['Esus2', 'A7/G', 'G', 'B', 'E', 'D', 'Dm', 'F#m', 'A']"
311,avenged sevenfold,dear god,4.74,685,,"['C', 'Am', 'Gm', 'F', 'Dm', 'A7', 'Bb']"
312,acdc,highway to hell,4.67,924,,"['Dsus4', 'D/A', 'G', 'E', 'D', 'D/F#', 'A']"
313,rey valera,kahit maputi na ang buhok ko,4.79,390,,"['Bm/G', 'G', 'Am', 'C', 'F#7', 'D', 'G7', 'E', 'Bm', 'Am/G', 'B7', 'Em']"
314,miley cyrus,wrecking ball,3.95,209,novice,"['G', 'F#sus4', 'D', 'F#', 'Bm', 'F#m', 'A', 'Em']"
315,5 seconds of summer,amnesia,4.72,1372,novice,"['C', 'F', 'G', 'Am']"
316,juan karlos labajo,buwan,4.76,483,,"['Em7', 'C', 'Am', 'G', 'D', 'G7', 'D7', 'Em']"
317,ed sheeran,the a team,4.86,4577,novice,"['G', 'C', 'Am', 'D', 'Em']"
318,guns n roses,patience,4.83,2821,,"['Dsus4', 'C', 'G', 'D', 'F', 'D/F#', 'Dsus2', 'A', 'Em']"
319,enrique iglesias,hero,4.70,333,,"['Dsus4', 'C2', 'G', 'C/E', 'D', 'D/F#', 'Gsus4', 'Em']"
320,amy winehouse,valerie,4.84,2507,novice,"['C', 'G', 'F', 'Dm', 'Em']"
321,neil diamond,sweet caroline,4.56,501,novice,"['A6', 'C#', 'E', 'D', 'F#', 'Bm', 'C#m', 'A']"
322,mr big,to be with you,4.76,674,,"['Asus2', 'G/A', 'G', 'B', 'E', 'D', 'E/F#', 'C#m', 'Cadd9', 'G/B', 'Em', 'E/G#']"
323,randy newman,youve got a friend in me,4.80,2766,intermediate,"['C', 'Am', 'G', 'Gaug', 'C9', 'B', 'D7', 'C7', 'G#7', 'E7', 'F', 'F#dim7', 'B7', 'Dm', 'A7', 'Em']"
324,misc christmas,silent night,4.80,4685,novice,"['G', 'C', 'G7', 'D', 'D7', 'Em']"
325,bruno mars,versace on the floor,4.71,141,novice,"['C', 'G', 'Gm7', 'D#m', 'Bb6', 'C#', 'C/E', 'D', 'F#', 'G/B', 'A', 'Em', 'Am', 'Fm', 'G#m', 'A#m', 'G#', 'F', 'Dm']"
326,david crowderband,how he loves,4.90,1658,,"['C', 'G', 'G/C', 'Fmaj7', 'Am7']"
327,fugees,killing me softly,4.81,2228,,"['Fmaj7#11', 'G', 'Am', 'C', 'E', 'D', 'D7', 'B7', 'Am7', 'A', 'Em']"
328,damien rice,the blowers daughter,4.87,1213,,"['Bsus2', 'C#', 'A#m', 'B', 'Aadd9', 'E', 'F#', 'Badd11', 'C#m', 'F#m', 'G#m', 'A', 'D#m']"
329,avril lavigne,complicated,4.80,916,novice,"['C', 'Gm', 'Dm', 'F', 'Bb']"
330,red hot chili peppers,under the bridge,4.84,2226,,"['G', 'B', 'E/B', 'Am', 'C', 'D', 'F#', 'F', 'C#m', 'Emaj7', 'F#m', 'G#m', 'A']"
331,rihanna,diamonds,4.50,522,novice,"['G', 'Bm', 'A', 'F#m']"
332,hillsong united,hosanna,4.72,449,,"['B', 'E', 'F#m7', 'C#m', 'F#m', 'A', 'G#m7', 'E/G#']"
333,daft punk,get lucky,4.73,305,novice,"['Bm', 'E', 'D', 'F#m']"
334,maroon 5,sunday morning,4.68,131,,"['Dm', 'C', 'G']"
335,the white stripes,seven nation army,4.71,822,,"['G', 'C', 'B', 'Am', 'E', 'A', 'Em']"
336,bob marley,redemption song,4.71,939,novice,"['G', 'C', 'Am', 'C/B', 'D', 'Em']"
337,ingrid michaelson,you and i,4.87,1120,novice,"['C', 'G', 'Am', 'E', 'D', 'F', 'E7']"
338,plain white ts,hey there delilah,4.70,961,novice,"['G', 'D', 'Bm', 'F#m', 'A']"
339,bryan adams,everything i do i do it for you,4.74,1195,intermediate,"['C', 'G', 'D', 'F', 'Dm', 'Fm', 'Eb', 'Bb']"
340,ed sheeran,shape of you,4.85,1886,novice,"['A', 'B', 'C#m', 'F#m']"
341,goo goo dolls,iris,4.73,759,,"['Bm7', 'G5', 'Asus4', 'Bm9', 'E', 'D', 'Dsus2', 'F#5']"
342,imagine dragons,demons,4.86,4940,novice,"['C', 'Am', 'G', 'F']"
343,demi lovato,skyscraper,4.31,185,novice,"['G', 'C', 'Am', 'D', 'Em']"
344,guns n roses,november rain,4.75,1286,,"['Ab', 'G', 'Am', 'C', 'F', 'Dm', 'Em', 'Eb', 'Bb']"
345,fourtwnty,fana merah jambu,4.92,246,novice,"['G', 'Am', 'E', 'D', 'G7', 'D7', 'Bm', 'E7', 'D/F#', 'Cadd9', 'Dsus2', 'Bbm', 'A7', 'Em', 'Cm']"
346,the beatles,help,4.84,1345,,"['A6', 'G', 'E', 'D', 'G/F#', 'Bm', 'C#m', 'F#m', 'Bm/A', 'A']"
347,the chainsmokers,closer,4.67,247,novice,"['C', 'Em', 'D']"
348,taylor swift,mean,4.81,1041,novice,"['G', 'C', 'D', 'Bm', 'A']"
349,oasis,wonderwall,4.80,773,novice,"['Dsus4', 'Em7', 'G', 'A7sus4', 'Dsus4/F#', 'Cadd9']"
350,misc soundtrack,the greatest showman never enough,4.87,3398,novice,"['G', 'C', 'Am', 'D', 'Em', 'Cm']"
351,adele,hello,4.84,1218,,"['G', 'C', 'D', 'Bm', 'Em']"
352,miley cyrus,the climb,4.68,610,,"['G', 'D', 'Bm', 'D/F#', 'F#m', 'A', 'Em']"
353,chris stapleton,tennessee whiskey,4.82,3220,novice,"['Bm', 'A', 'E', 'D']"
354,misc traditional,happy birthday,4.59,588,novice,"['A7', 'A', 'E', 'D']"
355,limp bizkit,behind blue eyes,4.78,1032,,"['Bm7', 'Asus2', 'G', 'C', 'E', 'D', 'Dsus2', 'A', 'Em']"
356,fiersa besari,waktu yang salah,4.71,41,novice,"['G', 'C', 'Am', 'E', 'D', 'G7', 'Bm', 'Em']"
357,the beatles,come together,4.73,2369,novice,"['G', 'G7', 'Dm', 'Bm', 'A7', 'A']"
358,bob dylan,like a rolling stone,4.85,1767,intermediate,"['Dm7', 'C', 'G', 'F', 'Em', 'Fmaj7/C']"
359,bob dylan,dont think twice its all right,4.88,4103,,"['C', 'Am', 'G', 'G7', 'D7', 'F', 'C7']"
360,arctic monkeys,mardy bum,4.87,1673,novice,"['G5', 'A5', 'G', 'B', 'E', 'D', 'F#', 'Bm', 'F#5', 'F#m', 'A', 'Em', 'G(2)']"
361,the script,for the first time,4.90,1017,novice,"['G', 'C', 'Em', 'D']"
362,billie eilish,when the partys over,4.86,5311,novice,"['G', 'Am', 'C', 'F#dim', 'F', 'Dm']"
363,ellie goulding,love me like you do,4.84,1105,,"['Bm7', 'Em7', 'Dsus4', 'G', 'C', 'Am', 'D', 'Cadd9', 'Em']"
364,auburn,perfect two,4.84,332,novice,"['G', 'C', 'Em', 'D']"
365,gotye,somebody that i used to know,4.74,753,novice,"['Dm', 'C', 'Bb']"
366,green day,boulevard of broken dreams,4.85,2380,,"['C#', 'G', 'C', 'D', 'D#', 'B7', 'A', 'Em']"
367,charlie puth,we dont talk anymore,4.83,1098,novice,"['F', 'Am', 'Em', 'G']"
368,maroon 5,this love,4.84,1362,,"['E7/G#', 'C', 'Am', 'E', 'G7', 'D', 'Dm', 'F', 'E7', 'Bdim7']"
369,shawn mendes,imagination,4.88,1090,intermediate,"['G', 'Am', 'C', 'Gm', 'F', 'Fm', 'Ab', 'Bb']"
370,eric clapton,wonderful tonight,4.84,3347,,"['G', 'C', 'D', 'D/F#', 'Em']"
371,queen,somebody to love,4.80,1147,,"['G', 'C', 'G/D', 'D', 'G7', 'D7', 'C7', 'F', 'D/F#', 'Fm', 'A7', 'Em']"
372,tom petty,free fallin,4.54,609,novice,"['A', 'E', 'D', 'Asus4']"
373,green day,21 guns,4.85,680,,"['C', 'C/E', 'Dm', 'F', 'A', 'Bb']"
374,ed sheeran,galway girl,4.87,2451,novice,"['G', 'C', 'D', 'Cadd9', 'Am7', 'Em']"
375,ben e king,stand by me,4.81,3022,novice,"['G', 'C', 'Em', 'D']"
376,taylor swift,white horse,4.84,1018,,"['C', 'G', 'Am', 'F', 'Gsus4', 'Bb']"
377,outkast,hey ya,4.48,302,,"['G', 'C', 'E', 'D']"
378,alessia cara,how far ill go,4.81,1594,novice,"['Dm7', 'C#', 'C', 'Am', 'G', 'Cmaj7', 'G#', 'A#m', 'F#', 'F', 'Fm', 'C#maj7', 'F#m']"
379,green day,wake me up when september ends,4.59,653,,"['G', 'C', 'D', 'G/F#', 'Bm', 'D/F#', 'Em', 'Cm']"
380,eddie vedder,society,4.85,2419,novice,"['G', 'Bm', 'A', 'D']"
381,avril lavigne,when youre gone,4.82,292,,"['C', 'G', 'Am', 'D', 'Em6', 'Bm', 'D/F#', 'B7', 'G/B', 'Em']"
382,edwin mccain,ill be,4.68,636,,"['Esus2', 'Esus', 'B', 'E', 'F#', 'A', 'F#/A#', 'G#m7', 'E/G#']"
383,the band,the weight,4.75,1760,,"['Dsus4', 'E', 'D', 'F#m7', 'C#m', 'A/G#', 'A']"
384,crowded house,dont dream its over,4.84,2742,,"['Asus2', 'A5', 'C7(sus2)', 'G', 'C', 'E', 'Am', 'F', 'Dm', 'Csus2', 'C7sus4', 'Bb']"
385,cage the elephant,cigarette daydreams,4.91,4629,intermediate,"['G', 'D', 'Bm', 'Dmaj7', 'F#m', 'A', 'Em']"
386,callalily,magbalik,4.85,168,,"['C#5', 'B', 'Eb5', 'E', 'F#', 'C#m', 'F#m', 'A', 'Eb']"
387,creedence clearwater revival,proud mary,4.73,1305,,"['C', 'F6', 'G', 'D', 'F', 'Bm', 'A']"
388,keane,somewhere only we know,4.68,497,,"['E', 'D', 'AM7/F#', 'Bm', 'C#m', 'F#m', 'A']"
389,coldplay,yellow,4.75,931,novice,"['C', 'Am', 'G', 'Gm', 'F']"
390,lil wayne,how to love,4.70,405,novice,"['G', 'Cmaj7', 'C', 'Gmaj7', 'Em', 'Cm']"
391,kahitna,cantik,4.91,161,,"['G', 'B', 'E', 'D', 'F#', 'Bm', 'C#m', 'F#m', 'G#m', 'A']"
392,eraserheads,with a smile,4.81,263,,"['G', 'Am', 'E', 'D', 'Bm', 'Eb', 'Bb']"
393,city and colour,the girl,4.84,1538,novice,"['G', 'Cmaj7', 'Gmaj7/D', 'G/F#', 'Em']"
394,blink 182,i miss you,4.81,951,novice,"['C', 'C/B', 'Am', 'C/E', 'G', 'F', 'Cadd9', 'Fadd#11', 'G/B']"
395,taylor swift,speak now,4.85,862,novice,"['G', 'Am', 'C', 'D', 'Em']"
396,five for fighting,superman its not easy,4.81,1341,,"['C', 'Am', 'G', 'D', 'F', 'Dm', 'G/B']"
397,michael jackson,man in the mirror,4.73,512,,"['G', 'C', 'C/B', 'Eb', 'Em7', 'D', 'Ab/C', 'D/F#', 'Bb/D', 'Am7', 'G/B', 'Ab', 'Em', 'A/C#', 'Fm', 'Eb/G', 'Db', 'Dm', 'Cadd9', 'Ebm']"
398,tenacious d,tribute,4.80,1157,novice,"['A5', 'G', 'Am', 'C', 'E', 'D', 'F']"
399,james arthur,say you wont let go,4.83,745,novice,"['G', 'C', 'Dsus4', 'Em']"
400,coldplay,the scientist,4.54,269,,"['Dm7', 'C', 'Am', 'G', 'D', 'F', 'A', 'B/C']"
401,johnny cash,i walk the line,4.83,1821,,"['G', 'E', 'D', 'E7', 'B7', 'A7', 'A']"
402,lady gaga,million reasons,4.88,3793,novice,"['Fsus2', 'C', 'Am', 'G', 'F']"
403,the beatles,something,4.81,2348,intermediate,"['D9', 'C', 'G', 'A/E', 'Eb', 'F/E', 'D', 'D7', 'C7', 'Am7', 'A', 'G/D', 'Am', 'G/A', 'G7/B', 'Cmaj7', 'F', 'F#m7', 'Am(maj7)', 'A(maj7)', 'C#m/G#']"
404,tracy chapman,fast car,4.67,408,,"['Em7', 'Cmaj7', 'C', 'G', 'D', 'Em', 'Dadd11']"
405,james arthur,impossible,4.83,1579,novice,"['G', 'C', 'Em', 'D']"
406,the kooks,naive,4.77,1027,,"['Esus2', 'C', 'G', 'C/B', 'D', 'D/F#', 'Em']"
407,slipknot,snuff,4.85,1024,novice,"['A5', 'E5', 'G', 'Am', 'C', 'C5', 'F', 'B5', 'Em', 'F5']"
408,colbie caillat,realize,4.82,354,,"['Em7', 'Dsus4', 'G', 'F#', 'Dsus4/F#', 'D/F#', 'Cadd9', 'G/B']"
409,adele,turning tables,4.80,1026,,"['Bm7', 'Em7', 'G', 'D', 'D/F#', 'Emadd9', 'A', 'Em']"
410,matt redman,blessed be your name,4.79,1499,,"['G', 'C', 'Em', 'D']"
411,mariah carey,all i want for christmas is you,4.83,1917,,"['Cm6/D', 'Cm6/Eb', 'G', 'C', 'G/D', 'D', 'Eb6', 'Am7/D', 'E7', 'B7', 'Am7', 'G/B', 'Em', 'Cm/Eb']"
412,lady gaga,paparazzi,4.80,665,,"['G', 'C', 'D', 'Bm', 'Em']"
413,maroon 5,memories,4.87,2938,novice,"['G', 'C', 'D', 'Bm', 'Em']"
414,daniel powter,bad day,4.79,1557,,"['Em7', 'Gadd9', 'D/A', 'G', 'E', 'D', 'F', 'Bm', 'Emadd9', 'A', 'Em', 'Bb']"
415,taylor swift,wildest dreams,4.88,2550,novice,"['C', 'Am', 'G', 'D', 'Em']"
416,imagine dragons,believer,4.88,3428,novice,"['E7/G#', 'G', 'Am', 'E', 'F', 'E7', 'E/G#']"
417,jessie j,price tag,4.82,707,novice,"['C', 'Am', 'Em', 'F']"
418,taylor swift,22,4.73,495,novice,"['G', 'Dsus4', 'Cadd9']"
419,the beatles,i want to hold your hand,4.87,3258,novice,"['Dm7', 'C', 'G', 'Am', 'D', 'Bm', 'B7', 'Em']"
420,ed sheeran,all of the stars,4.88,2421,novice,"['G', 'D', 'Em', 'Cadd9']"
421,hillsong united,from the inside out,4.78,484,,"['C', 'Am', 'G', 'F', 'Dm']"
422,bon jovi,wanted dead or alive,4.79,2270,novice,"['C', 'F', 'D', 'G']"
423,jessie j,price tag,4.81,477,novice,"['C', 'Am', 'Em', 'F']"
424,green day,wake me up when september ends,4.85,3468,novice,"['G5', 'Dsus4', 'G5/F#', 'C', 'D', 'Bm', 'D/F#', 'G5/D', 'Em', 'G5/E', 'Cm']"
425,bruno mars,marry you,4.85,1843,novice,"['G', 'Em', 'D']"
426,misc traditional,happy birthday,4.72,1221,novice,"['C', 'F', 'G7']"
427,hinder,lips of an angel,4.71,611,novice,"['Bm7', 'Asus4', 'Em7', 'D5', 'A5', 'G', 'Gsus2', 'D', 'Bm', 'D/F#', 'Csus2', 'C5', 'Bb5']"
428,john mayer,daughters,4.73,506,,"['Bm7', 'Em7', 'D9', 'D', 'A7sus4', 'E7', 'D/F#', 'Dsus2', 'Dmaj7', 'Gm11', 'Gm/D']"
429,alamid,your love,4.72,280,,"['F7', 'C', 'G', 'Am', 'C/E', 'D', 'Dsus', 'D/F#', 'Am7', 'G/B', 'Em']"
430,simon garfunkel,the boxer,4.71,1425,,"['C', 'Am', 'G', 'F', 'Em']"
431,a ha,take on me,4.77,971,novice,"['Bm9', 'Esus2', 'G', 'E', 'D', 'A/C#', 'Bm', 'D/F#', 'C#m', 'F#m', 'A', 'E/G#']"
432,shawn mendes,mercy,4.84,1749,novice,"['Bm7', 'G', 'D', 'Bm', 'A', 'Em']"
433,jason mraz,lucky,4.69,291,novice,"['C', 'Am', 'G', 'Dm', 'Em']"
434,simple plan,summer paradise,4.84,459,novice,"['G', 'F#7', 'D', 'Bm', 'A']"
435,taylor swift,shake it off,4.81,1133,,"['G', 'Am', 'C']"
436,taylor swift,love story,4.84,328,novice,"['G', 'B', 'E', 'D', 'Bm', 'C#m', 'A']"
437,john lennon,happy xmas war is over,4.77,951,novice,"['G', 'E', 'D', 'Bm', 'A7', 'A', 'Em']"
438,queen,dont stop me now,4.84,1580,,"['F7', 'F/G', 'C', 'Am', 'Gm', 'Ab6/Bb', 'D7', 'F', 'Dm', 'C7', 'F/A', 'Gm7', 'Bdim', 'Dm7/C', 'Eb', 'Bb']"
439,joe anderson,hey jude,4.73,926,novice,"['Em7', 'G', 'C/E', 'D', 'G/F#', 'D7', 'A7', 'A']"
440,radiohead,fake plastic trees,4.74,760,,"['Bm7', 'D5', 'E6', 'E', 'Asus', 'F#m7', 'A']"
441,r e m ,everybody hurts,4.83,2660,,"['D/A', 'G', 'C', 'Am', 'D', 'F#', 'Bm', 'A', 'Em']"
442,keane,somewhere only we know,4.77,1987,,"['C', 'G', 'Am', 'F', 'Dm', 'Em']"
443,lana del rey,video games,4.79,576,novice,"['Dsus4', 'Ebaug', 'G', 'C', 'D', 'F', 'Bm', 'Em']"
444,billie eilish,lovely,4.84,2763,novice,"['C', 'Bm', 'Em']"
445,dire straits,sultans of swing,4.80,1864,novice,"['C', 'Dm', 'F', 'A7', 'A', 'Bb']"
446,katy perry,the one that got away,4.86,904,,"['B', 'E', 'C#m', 'G#m', 'A']"
447,the cure,friday im in love,4.85,2633,,"['G', 'C', 'D', 'Bm', 'A']"
448,one direction,you and i,4.84,913,novice,"['C', 'Am', 'G', 'F', 'D/F#', 'Em']"
449,dewa 19,kangen,4.79,176,novice,"['G', 'C', 'D', 'A/C#', 'F#', 'Bm', 'F#m', 'A', 'Em']"
450,elton john,can you feel the love tonight,4.85,2353,intermediate,"['G', 'G/D', 'C', 'C/E', 'D', 'Am', 'A/C#', 'F', 'D/F#', 'C/G', 'C/D', 'Am7', 'G/B', 'Em']"
451,britney spears,toxic,4.81,867,,"['F7', 'C', 'Am', 'G', 'D', 'Bb7', 'E7', 'B7']"
452,matisyahu,one day,4.87,985,,"['C', 'Am', 'G', 'F']"
453,ronan keating,when you say nothing at all,4.65,348,,"['Dsus4', 'G', 'C', 'B', 'E', 'D', 'Bm', 'A', 'Em']"
454,james taylor,youve got a friend,4.74,1360,,"['F7', 'C', 'G', 'G/C', 'B7', 'Em7', 'D', 'D7', 'Am7', 'Em', 'Bm7', 'Gsus4', 'Gmaj7', 'Cmaj7', 'D7sus4', 'F', 'F#m7', 'Dsus2', 'A7']"
455,taylor swift,red,4.86,975,novice,"['F', 'Am', 'C', 'G']"
456,the beatles,let it be,4.85,2865,intermediate,"['C', 'Am', 'G', 'Dm', 'F', 'Em']"
457,israel kamakawiwoole,over the rainbow,4.81,2408,novice,"['C', 'G/D', 'G', 'C/E', 'D', 'Bm', 'B7', 'Em']"
458,lil nas x,old town road,4.81,4684,novice,"['G', 'A', 'E', 'D']"
459,tenacious d,fuck her gently,4.86,1772,,"['G', 'C', 'D', 'Bb7', 'Bm', 'F#m', 'A', 'Em']"
460,janis joplin,me and bobby mcgee,4.79,1644,,"['G', 'C', 'G7', 'D', 'D7', 'E7', 'C/G', 'A7', 'A']"
461,hoobastank,the reason,4.66,633,,"['Aadd9', 'E', 'C#m', 'Badd11', 'Dsus2', 'E5']"
462,bob dylan,blowin in the wind,4.76,3226,novice,"['G', 'C', 'D']"
463,louis armstrong,what a wonderful world,4.85,4569,novice,"['C', 'Am', 'G', 'Dm', 'F', 'E7', 'Em']"
464,james blunt,youre beautiful,4.66,974,,"['C', 'Am', 'C/B', 'G', 'F']"
465,simon garfunkel,bridge over troubled water,4.73,1132,novice,"['G9', 'D9', 'C', 'Am', 'G', 'E', 'G7', 'D', 'F#dim', 'D7', 'F', 'C7', 'E7', 'Fm', 'A7sus', 'Fmaj7', 'A7', 'Bb']"
466,chris tomlin,here i am to worship,4.82,1747,,"['G', 'D', 'A/C#', 'Bm', 'D/F#', 'A', 'Em']"
467,bob marley,no woman no cry,4.66,1146,,"['C', 'Am', 'G', 'F', 'G/B']"
468,maroon 5,she will be loved,4.86,2534,novice,"['G', 'Am', 'C', 'F']"
469,niall horan,this town,4.89,3454,,"['Em7', 'G', 'C', 'D', 'G/F#', 'D/F#', 'Cadd9', 'Am7', 'Em']"
470,wiz khalifa,see you again,4.83,591,intermediate,"['Em7', 'G', 'C', 'D', 'Cadd9', 'Em']"
471,the righteous brothers,unchained melody,4.84,2239,,"['C', 'Am', 'G', 'F', 'C7', 'Fm', 'Em', 'Eb']"
472,wiz khalifa,see you again,4.87,1713,novice,"['G', 'C', 'Em', 'D']"
473,benben,kathang isip,4.85,676,novice,"['CM7', 'Am', 'G', 'C', 'D', 'GM7', 'F', 'Bm', 'D/F#', 'G/B', 'Em']"
474,stephen speaks,passenger seat,4.65,111,,"['Dsus4', 'G', 'C', 'D', 'Dsus2', 'Em']"
475,eagles,hotel california,4.85,4410,novice,"['G', 'Am', 'C', 'E', 'D', 'D7', 'F', 'Dm', 'E7']"
476,parokya ni edgar,your song,4.76,260,novice,"['A', 'E', 'D', 'F#m']"
477,budi doremi,tolong,4.83,181,,"['Asus4', 'E', 'D', 'F#', 'Dm', 'Bm', 'C#m', 'F#m', 'A7', 'A']"
478,maroon 5,payphone,4.88,530,,"['C', 'Em', 'D', 'G']"
479,this band,kahit ayaw mo na,4.82,468,novice,"['G', 'D', 'Bm', 'F#m/C#', 'A']"
480,billie eilish,idontwannabeyouanymore,4.88,4327,,"['Cmaj7', 'Am', 'D', 'Emadd9', 'Dsus2', 'B7', 'Gmaj7', 'Em']"
481,justin timberlake,mirrors,4.82,660,novice,"['Bbdim', 'G', 'D', 'Bm', 'F#m', 'A', 'Em']"
482,all time low,remembering sunday,4.86,640,,"['Em7', 'G', 'D', 'Cadd9', 'A7', 'Em']"
483,bing crosby,white christmas,4.72,1575,,"['G', 'Am', 'C', 'D', 'G7', 'D7', 'Gsus4', 'Em', 'Cm']"
484,counting crows,accidentally in love,4.89,2132,,"['G', 'C', 'Am', 'D', 'A', 'Em']"
485,cyndi lauper,time after time,4.75,647,,"['C', 'G', 'Fadd9', 'F', 'Dm/C', 'Am7', 'Em']"
486,sheryl crow,sweet child o mine,4.33,517,,"['Bm7', 'G', 'Am', 'C', 'C/E', 'D', 'D7', 'F', 'Cadd9', 'Em']"
487,the chainsmokers,closer,4.83,1128,,"['D', 'Em7', 'Cadd9']"
488,jack johnson,better together,4.73,510,,[]
489,radiohead,no surprises,4.88,1898,,"['Asus4', 'Gm', 'D', 'G/B', 'Dm', 'A', 'Em']"
490,the beatles,blackbird,4.70,1592,intermediate,"['C#dim', 'G', 'C', 'Dadd4', 'Fadd9', 'Dbdim', 'Eb', 'Gm/Bb', 'D', 'Am7', 'G/B', 'Em', 'D#(b5)', 'C/D', 'F', 'Dm', 'A7', 'Dmadd4', 'Cm']"
491,miley cyrus,we cant stop,4.88,527,novice,"['C', 'Am', 'Em', 'F']"
492,rihanna,we found love,4.74,571,,"['F', 'Am', 'G', 'C']"
493,harry styles,sign of the times,4.87,2206,novice,"['C', 'Am', 'G', 'G7', 'F', 'C7', 'Dm', 'Dmin', 'Bb']"
494,the smiths,there is a light that never goes out,4.84,1309,,"['C', 'Am', 'G', 'Dm', 'F']"
495,the rolling stones,paint it black,4.83,1979,novice,"['G', 'B', 'D', 'A', 'Em']"
496,enrique iglesias,hero,4.84,1114,novice,"['G', 'B', 'C', 'E', 'D', 'A', 'Em']"
497,maroon 5,girls like you,4.81,1553,novice,"['C', 'Am', 'G', 'F']"
498,meghan trainor,all about that bass,4.71,517,novice,"['Bm', 'A', 'E', 'D']"
499,adele,hello,4.85,2490,novice,"['G', 'C', 'D', 'Bm', 'Em']"
500,tom odell,another love,4.85,1295,novice,"['C', 'Bm', 'Em', 'G']"
501,kansas,dust in the wind,4.81,4586,novice,"['Dm7', 'G5', 'Asus4', 'Asus2', 'C', 'Cmaj7', 'Am', 'G', 'D', 'Cadd9', 'G/B']"
502,bon jovi,wanted dead or alive,4.80,1080,,"['C', 'F', 'D', 'G']"
503,nirvana,about a girl,4.72,1032,,"['A5', 'C#', 'G', 'C', 'G#', 'E', 'F#', 'A', 'Em']"
504,simple plan,welcome to my life,4.78,848,,"['C', 'Am', 'G', 'Dm', 'F']"
505,the beatles,youve got to hide your love away,4.81,1535,intermediate,"['Dsus4', 'D/A', 'G', 'C', 'G/D', 'C/E', 'D', 'Fadd9', 'Dsus2', 'D/B', 'D/C']"
506,evanescence,my immortal,4.76,801,,"['E', 'D', 'Bm', 'C#m', 'F#m', 'A']"
507,maroon 5,sugar,4.68,585,,"['C', 'Am', 'Dm', 'F']"
508,hozier,take me to church,4.77,935,intermediate,"['G', 'Am', 'C', 'B', 'D', 'F#', 'F', 'C/G', 'Em', 'Cm']"
509,misc soundtrack,the wizard of oz somewhere over the rainbow,4.62,300,,"['Bm7', 'C', 'Cmaj7', 'G', 'C6', 'G7', 'G6', 'Fmaj7(b5)', 'F', 'C7', 'Fm', 'Dm', 'B7', 'Fmaj7', 'Csus', 'Em']"
510,oasis,half the world away,4.85,1940,novice,"['Fmaj', 'C', 'C/B', 'Am', 'E', 'D', 'G', 'G7', 'Fm']"
511,nirvana,come as you are,4.31,398,,"['F#sus4', 'E', 'D', 'Bm', 'F#m', 'A']"
512,the police,every breath you take,4.66,379,,"['Dadd9', 'Badd9', 'Eadd9', 'F#madd9', 'G', 'Aadd9', 'F', 'Cadd9']"
513,rivermaya,kisapmata,4.87,268,,"['G', 'Em', 'D', 'Asus2']"
514,alex sierra,little do you know,4.84,1924,novice,"['C', 'Am', 'G', 'F', 'Dm', 'Gsus']"
515,bon jovi,bed of roses,4.82,810,novice,"['C', 'Am', 'F', 'Dm', 'Bb']"
516,eraserheads,pare ko,4.82,255,,"['G', 'C', 'Am', 'C/B', 'D', 'Dsus', 'Em']"
517,december avenue,kung di rin lang ikaw,4.85,462,intermediate,"['B', 'E', 'F#m', 'G#m', 'A', 'Amaj7']"
518,taylor swift,crazier,4.88,792,,"['G', 'C', 'Am', 'D', 'Bm', 'A', 'Em']"
519,paolo nutini,candy,4.83,1241,,"['G', 'Am', 'C', 'D7', 'Em']"
520,bon iver,i cant make you love me,4.78,768,novice,"['G', 'Am', 'C', 'F', 'Dm', 'Gsus']"
521,sublime,santeria,4.85,1727,intermediate,"['B', 'G#', 'E', 'C#m', 'A']"
522,ed sheeran,im a mess,4.84,1459,novice,"['G', 'Am', 'C', 'Dm', 'F']"
523,cory asbury,reckless love,4.88,3518,,"['C', 'Em', 'D', 'G']"
524,bill withers,lean on me,4.81,2673,,"['C', 'G', 'G7', 'F', 'Em']"
525,eric clapton,tears in heaven,4.81,1330,intermediate,"['G', 'C', 'Am', 'E', 'D', 'Gm', 'D7', 'Dm', 'Bm', 'E7', 'F', 'Em', 'Bb']"
526,howie day,collide,4.23,195,,"['G', 'G/B', 'Cadd9', 'Dadd11/F#']"
527,eraserheads,ang huling el bimbo,4.88,528,,"['G', 'C', 'D', 'A7', 'Em']"
528,my chemical romance,i dont love you,4.78,765,,"['F/E', 'G5', 'A5', 'C', 'Am', 'G', 'C/B', 'G/G#', 'F', 'A', 'F5']"
529,twenty one pilots,house of gold,4.88,3188,intermediate,"['C', 'G', 'Am', 'F', 'Dm', 'Bbm', 'A7']"
530,john lennon,imagine,4.81,1146,,"['C', 'Am', 'G', 'E', 'Em/C', 'F', 'Dm', 'E7']"
531,daniel caesar,best part,4.70,170,novice,"['Am', 'Bm', 'D', 'Gm']"
532,taio cruz,dynamite,4.78,388,novice,"['G', 'Am', 'C', 'F', 'Em']"
533,taylor swift,breathe,4.90,901,novice,"['Dsus4', 'Em7', 'D5', 'G', 'C', 'D', 'Cadd9', 'Em']"
534,billy joel,piano man,4.80,2799,intermediate,"['C', 'Am', 'G', 'E', 'G7', 'D', 'D7', 'F', 'B7', 'F#m', 'A']"
535,rihanna,take a bow,4.83,511,,"['Dm7', 'C', 'G', 'C/E', 'Fadd9', 'F', 'Am7', 'G/B', 'Bbsus2']"
536,backstreet boys,i want it that way,4.83,1689,intermediate,"['C', 'B', 'G', 'G/D', 'D', 'Am', 'E', 'F#m', 'A', 'Em']"
537,john mayer,slow dancing in a burning room,4.88,1205,intermediate,"['C#m7', 'G', 'B', 'F#m11', 'E', 'D', 'Aadd9', 'Badd11', 'A']"
538,taylor swift,sparks fly,4.87,699,novice,"['F', 'Am', 'G', 'C']"
539,kevin devine,you are my sunshine,4.78,212,intermediate,"['A', 'E', 'D']"
540,kelly clarkson,because of you,4.41,260,,"['C', 'G', 'Dsus', 'Dadd4', 'Bm', 'B7', 'G5', 'Esus', 'E', 'D', 'F#m', 'Am7', 'G/B', 'Em', 'E5', 'Bm7', 'A/C#', 'C2', 'C#7', 'D5', 'Cmaj7', 'E7', 'Dsus2', 'Dmaj7', 'Dadd2']"
541,ronan keating,when you say nothing at all,4.80,1171,novice,"['Asus2', 'G', 'B', 'E', 'D', 'Cadd9', 'Em']"
542,fools garden,lemon tree,4.81,935,,"['G', 'Am', 'C', 'D', 'D7', 'Bm', 'Bbm', 'Cadd9', 'B7', 'C/G', 'A7', 'Em']"
543,housefires,good good father,4.77,1026,novice,"['G', 'C', 'Am7', 'D', 'Gsus4', 'G/B', 'Em']"
544,up dharma down,tadhana,4.71,124,novice,"['G', 'Bm', 'F#m', 'A', 'Em']"
545,neutral milk hotel,in the aeroplane over the sea,4.92,2105,,"['G', 'C', 'Em', 'D']"
546,tamia,officially missing you,4.74,150,,"['Bm7', 'Dm7', 'A7/E', 'Em7', 'FM7', 'C#dim', 'CM7', 'G', 'G7', 'GM7', 'CM7/B', 'Dm', 'Bm', 'B7', 'F#m', 'C/D', 'Am7', 'Em']"
547,katy perry,thinking of you,4.28,96,novice,"['A', 'B', 'C#m', 'E']"
548,fiersa besari,april,4.84,59,,"['G', 'Am', 'E', 'D', 'A/C#', 'D7', 'F#', 'Bm', 'F#m', 'A', 'Em']"
549,the red jumpsuit apparatus,your guardian angel,4.76,643,novice,"['C', 'C/E', 'F', 'Dm', 'Bb']"
550,cee lo green,fuck you,4.74,510,,"['C', 'Am', 'G', 'D7', 'F', 'Dm', 'Bdim7', 'Em', 'C#dim7']"
551,james bay,hold back the river,4.83,1161,,"['Dm7', 'C', 'Gm', 'F', 'Bb']"
552,prince,purple rain,4.64,614,,"['Gm', 'F', 'Bbadd9/D', 'Gm7', 'Gm7add11', 'Eb', 'Bbsus2', 'Bb']"
553,taylor swift,enchanted,4.89,850,,"['Em7', 'G', 'Bm/F#', 'D/F#', 'Csus2']"
554,parokya ni edgar,gitara,4.66,166,,"['G', 'C', 'E', 'D', 'D/F#', 'Am7', 'G/B', 'Em']"
555,bob dylan,the times they are a changin,4.87,2948,,"['D6', 'G', 'C', 'Am', 'D', 'D7', 'Em']"
556,misc cartoons,aladdin a whole new world,4.77,740,,"['C', 'G', 'Am', 'D7', 'F', 'Dm', 'E7']"
557,lady gaga,born this way,4.76,391,novice,"['Bm7', 'Asus2', 'D5', 'A5', 'E', 'D', 'Asus', 'Bm', 'Em', 'E5', 'A', 'Amaj7']"
558,pearl jam,last kiss,4.87,2831,,"['G', 'C', 'Em', 'D']"
559,dixie chicks,landslide,4.79,1223,,"['D7/F#', 'C', 'G', 'D7', 'D/F#', 'Am7', 'Em']"
560,rihanna,umbrella,4.76,841,,"['C', 'G', 'Am', 'E', 'F', 'C/G', 'Bb']"
561,lana del rey,blue jeans,4.89,1353,novice,"['D', 'Fm', 'A', 'Em', 'Eb', 'Bb']"
562,david bowie,starman,4.87,2269,,"['C', 'Bb', 'G', 'Am', 'Gm', 'D7', 'F', 'C7', 'Dm', 'Bbm', 'Fmaj7', 'A', 'Ab', 'Bb/A']"
563,taylor swift,all too well,4.93,2221,novice,"['C', 'Am', 'G', 'F']"
564,demi lovato,stone cold,4.81,1699,,"['C', 'G', 'Am', 'D', 'G7', 'Am7b5', 'Em', 'Cm']"
565,train,drive by,4.78,357,,"['B', 'G#', 'E', 'G#7', 'C#m', 'Cdim', 'F#m7', 'F#m', 'A']"
566,twenty one pilots,heathens,4.83,2192,novice,"['A5', 'E5', 'C', 'B', 'Am', 'E', 'C5', 'B5', 'Em']"
567,plain white ts,hey there delilah,4.81,2223,novice,"['C', 'Am', 'G', 'F', 'Em']"
568,anne marie,2002,4.85,1372,novice,"['G', 'D', 'Bm', 'F#m', 'A']"
569,westlife,i lay my love on you,4.72,46,,"['C#M', 'C', 'Am', 'G', 'E', 'D', 'B', 'Dm', 'F', 'Bm', 'F#m', 'A', 'Em']"
570,elvis presley,suspicious minds,4.78,1537,,"['G', 'C', 'D', 'D7', 'Bm', 'B7', 'B7sus4', 'Em']"
571,celine dion,my heart will go on,4.83,660,intermediate,"['G', 'C', 'Am', 'E', 'D', 'Dm', 'Bm', 'F', 'C#m', 'F#m', 'A', 'Em', 'Bb']"
572,rihanna,california king bed,4.67,211,novice,"['G', 'C', 'Am', 'D', 'D/F#', 'Csus2', 'G/B', 'Em']"
573,misc cartoons,tangled i see the light,4.82,866,,"['F7', 'Ab', 'C', 'G', 'Am', 'Gm', 'G7', 'D7', 'F', 'F9', 'Em', 'Eb/D', 'Eb', 'Cm', 'Bb']"
574,taylor swift,forever and always,4.88,725,,"['Em7', 'G', 'C', 'D', 'Cadd9', 'Em']"
575,tones and i,dance monkey,4.83,1474,,"['C#m', 'E', 'D', 'F#m']"
576,taylor swift,fearless,4.86,603,,"['Em7', 'G', 'D', 'Cadd9', 'A', 'Em']"
577,damien rice,9 crimes,4.88,1256,novice,"['F', 'Am', 'G', 'C']"
578,lord huron,the night we met,4.87,4031,novice,"['G', 'C', 'Em', 'D']"
579,ed sheeran,dive,4.88,673,novice,"['C', 'Am', 'G', 'F', 'Em']"
580,secondhand serenade,your call,4.74,163,,"['C', 'Em', 'D', 'G']"
581,john lennon,stand by me,4.77,469,,"['G', 'C', 'Em', 'D']"
582,ed sheeran,drunk,4.82,762,novice,"['D/A', 'G', 'C', 'D', 'D/F#', 'Em']"
583,alex clare,too close,4.88,926,,"['G', 'D', 'F#', 'Bm', 'Em']"
584,twenty one pilots,stressed out,4.81,1703,novice,"['C', 'Am', 'G', 'E', 'Dm', 'F', 'Em']"
585,avenged sevenfold,so far away,4.85,269,,"['G', 'C', 'Am', 'E', 'D', 'Bm', 'Em']"
586,nirvana,the man who sold the world,4.68,331,intermediate,"['C#', 'C', 'Dm', 'F', 'A']"
587,shontelle,impossible,4.87,360,novice,"['Bm7', 'Dsus4', 'G', 'C', 'D', 'Am7', 'Em']"
588,the red jumpsuit apparatus,your guardian angel,4.83,234,,"['G', 'C', 'D', 'Dadd11', 'Em']"
589,orange and lemons,hanggang kailan,4.62,102,,"['G', 'C9', 'F-', 'F', 'G-', 'Em', 'Cm']"
590,eric clapton,layla,4.84,1877,,"['C#m7', 'C', 'B', 'E', 'D', 'Dm', 'G#7', 'E7', 'F#m', 'A', 'Bb']"
591,ray charles,hit the road jack,4.81,882,,"['G', 'Am', 'E7', 'F']"
592,one direction,one thing,4.66,508,novice,"['C', 'Am', 'G', 'F']"
593,tab,759410,4.82,419,,"['Bm', 'A', 'D', 'F#m']"
594,van morrison,brown eyed girl,4.66,623,,"['G', 'C', 'D', 'D7', 'Em']"
595,elvis presley,love me tender,4.79,552,,"['F#7', 'G', 'D', 'Gm', 'D7', 'Bm', 'E7', 'B7', 'A7']"
596,frank sinatra,fly me to the moon,4.76,454,novice,"['C', 'G', 'F/C', 'Dm', 'Am7', 'Em']"
597,johnny cash,i walk the line,4.61,635,,"['G', 'B', 'E', 'D', 'B7', 'A']"
598,the fray,over my head,4.83,860,intermediate,"['Em7', 'C', 'Am', 'G', 'D', 'G/F#', 'Em']"
599,nick jonas,introducing me,4.87,1008,novice,"['G', 'C', 'Am', 'D', 'Bm', 'A', 'Em']"
600,foster the people,pumped up kicks,4.81,1051,novice,"['G', 'A', 'Em', 'D']"
601,britney spears,baby one more time,4.70,934,,"['G#dim', 'C', 'Am', 'G', 'E', 'Dm', 'F']"
602,van morrison,brown eyed girl,4.82,5601,novice,"['G', 'C', 'D', 'D7', 'Em']"
603,oasis,champagne supernova,4.76,165,,"['Asus2/E', 'Asus2/F#', 'Asus2', 'G', 'E', 'D', 'F', 'D/F#', 'Asus2/G', 'A']"
604,tab,511322,4.62,354,novice,"['G', 'F#7', 'Bm', 'Gm7', 'E', 'D', 'D7', 'A7sus4', 'Am7', 'A', 'Bm7', 'C#m7/B', 'C#m7', 'B', 'G#7', 'B7sus4', 'E7', 'C#m', 'A7']"
605,arijit singh,tum hi ho,4.77,346,novice,"['C', 'Am', 'G', 'D', 'Bm', 'B7', 'Em']"
606,hillsong worship,mighty to save,4.64,486,intermediate,"['Em7', 'C', 'G', 'D', 'Em']"
607,alanis morissette,ironic,4.82,1652,novice,"['G', 'C', 'Cmaj7', 'D', 'F', 'Em']"
608,ed sheeran,give me love,4.75,142,intermediate,"['G', 'Am', 'C', 'F', 'Dm']"
609,billie eilish,wish you were gay,4.86,4202,intermediate,"['G', 'Am', 'Em', 'D7']"
610,paolo nutini,last request,4.83,1386,,"['G', 'Am', 'D', 'Bm', 'F#m', 'A', 'Em']"
611,rivermaya,hinahanap hanap kita,4.81,180,,"['Dsus4', 'G', 'Am', 'D', 'A', 'Em', 'Bb']"
612,neil young,harvest moon,4.58,32,,"['Cmaj9', 'G', 'C', 'Gm', 'Bm', 'D/C', 'C5', 'Em7', 'A5', 'E', 'D', 'F#m', 'Bb/D', 'A', 'Bb5', 'Em', 'Bb', 'FM7', 'Bm7', 'C(add9)', 'Am', 'B', 'D#', 'Csus2', 'C/D', 'H', 'Dm7', 'Dsus4', 'F', 'Dm', 'DM7']"
613,the beatles,here comes the sun,4.56,390,intermediate,"['Dadd9', 'C', 'G', 'D', 'G6', 'F', 'E7', 'A7sus', 'A7', 'Gmaj7']"
614,the beatles,a day in the life,4.83,2304,intermediate,"['Em7', 'Asus2', 'G', 'C', 'C/B', 'E', 'D', 'F', 'Bm', 'Dsus2', 'B7', 'B7sus4', 'A', 'Em']"
615,naif,benci untuk mencinta,4.66,44,,"['G', 'C', 'B', 'Gm', 'D', 'F#', 'D7', 'Bm', 'C#m', 'Dmaj7', 'F#m', 'A', 'Em', 'D#m']"
616,near indonesia,karna su sayang,4.74,142,,"['C', 'Am', 'G', 'F', 'Dm', 'Em']"
617,ariana grande,almost is never enough,4.61,211,novice,"['G', 'Am', 'E', 'D', 'Gm', 'F#', 'Bm', 'A#', 'Bbaug', 'A']"
618,simon garfunkel,mrs robinson,4.76,629,intermediate,"['Am7/G', 'G', 'C', 'Am', 'E', 'D', 'C/B', 'G/B', 'E7', 'A7', 'Am7', 'A', 'Em']"
619,lifehouse,you and me,4.88,1431,novice,"['Em7', 'Dsus4', 'G', 'C', 'Am', 'D', 'Dsus', 'A7sus4', 'Dsus4/F#', 'Bm', 'Cadd9', 'G/B', 'Cm']"
620,luis fonsi,despacito,4.82,144,intermediate,"['C', 'Em', 'D', 'G']"
621,simon garfunkel,the sound of silence,4.81,678,,"['G', 'Am', 'C', 'F']"
622,led zeppelin,stairway to heaven,4.76,920,intermediate,"['Dsus4', 'C', 'Am', 'G', 'D', 'F', 'Dsus2', 'Cadd9', 'E+', 'Em']"
623,side a,forevermore,4.76,156,novice,"['C', 'B', 'Am', 'E', 'B/D#', 'D', 'F#', 'G', 'G/B', 'E7', 'C#m', 'C#m/B', 'G#m', 'F#m', 'B9/C', 'B7', 'A', 'Em']"
624,milow,you dont know,4.83,337,intermediate,"['C', 'Am', 'G', 'E', 'F', 'E7']"
625,mgmt,kids,4.82,359,,"['E', 'D', 'F#', 'Bm', 'F#m', 'G#m', 'A', 'E/G#']"
626,eagles,lyin eyes,4.82,2788,novice,"['F/G', 'G', 'Am', 'C', 'D', 'D7', 'Bm', 'A7', 'Gmaj7', 'Em']"
627,rivermaya,214,4.77,310,,"['G', 'C', 'Am', 'E', 'D', 'Bm', 'A', 'Em']"
628,ed sheeran,thinking out loud,4.83,705,novice,"['G', 'D', 'Bm', 'D/F#', 'A7', 'A', 'Em']"
629,elevation worship,o come to the altar,4.87,3270,novice,"['G', 'C', 'G/F', 'Am7', 'Em']"
630,bob dylan,blowin in the wind,4.52,223,,"['C', 'D', 'G']"
631,miley cyrus,when i look at you,4.86,517,intermediate,"['C', 'Am', 'Dm', 'F', 'A#']"
632,paramore,still into you,4.88,1218,novice,"['C', 'Am', 'G', 'F']"
633,tab,1148667,4.84,236,novice,"['G', 'Bm', 'A', 'D']"
634,elton john,rocket man,4.81,2681,intermediate,"['Em7', 'C', 'Am', 'G', 'D', 'A9']"
635,3 doors down,here without you,4.81,1442,,"['G', 'Bm', 'A', 'D']"
636,rihanna,fourfiveseconds,4.71,474,novice,"['Asus4', 'G', 'D', 'Bm', 'F#m', 'A', 'Em']"
637,soul asylum,runaway train,4.84,2038,,"['Em/B', 'C', 'Am', 'G', 'F', 'Em']"
638,bon jovi,always,4.61,201,,"['G', 'B', 'E', 'D', 'Bm', 'C#m', 'A']"
639,queen,we are the champions,4.61,360,,"['F7', 'Ab6', 'C7/G', 'Bb7', 'F#dim7', 'Bbm7b5', 'Gm7', 'Gm7/C', 'Eb', 'Cm7add4', 'Bbm6/Db', 'Edim7', 'Ab/Eb', 'C7', 'Bb/D', 'Bb', 'Am', 'Ab/Bb', 'Bbm6', 'Fm', 'F', 'Dm', 'Gm7/F', 'Gdim7', 'Ebadd9/G', 'Cm']"
640,sara bareilles,love song,4.63,250,,"['A(maj)', 'C', 'Am', 'Gm', 'Dm', 'F', 'G/B', 'Bb']"
641,westlife,more than words,4.74,186,novice,"['G', 'C', 'Am', 'D', 'G7', 'Em', 'Cm']"
642,arctic monkeys,do i wanna know,4.89,1834,novice,"['C', 'B', 'Am', 'D', 'Em']"
643,jireh lim,buko,4.61,79,,"['B', 'E', 'D', 'F#', 'Dm', 'Bm', 'C#m', 'F#m', 'A', 'D#m']"
644,oasis,champagne supernova,4.86,865,,"['Asus2/E', 'Em7', 'Asus2/F#', 'Asus2', 'G', 'E', 'Dmaj7/F#', 'D', 'A7sus4', 'F', 'Asus2/G', 'F#m', 'A7', 'A']"
645,boys like girls,thunder,4.71,142,,"['Em/D', 'F#m/D', 'Bm/D', 'G/D', 'A/D', 'D', 'C#/D']"
646,lp,lost on you,4.83,1398,novice,"['Em7', 'C', 'Am', 'D', 'Em']"
647,boston,more than a feeling,4.77,492,,"['G', 'C', 'Bm', 'Bm/A', 'Eb', 'Em7', 'E', 'D', 'D/F#', 'G/B', 'A', 'Em', 'Asus4', 'B', 'Am', 'A/C#', 'Am/G', 'Dsus4', 'Cadd9', 'A2']"
648,red hot chili peppers,snow hey oh,4.82,1007,intermediate,"['C', 'Am', 'G', 'D', 'Em']"
649,jesus culture,one thing remains,4.80,697,novice,"['CM9', 'Em7', 'G', 'C', 'D', 'Dsus', 'Cadd9', 'Am7', 'G/B']"
650,pink floyd,wish you were here,4.82,2237,intermediate,"['G', 'C', 'Am', 'D', 'A', 'Em']"
651,hillsong united,lead me to the cross,4.70,544,,"['G', 'D', 'Bm', 'A', 'Em']"
652,neil young,unplugged,4.62,17,,"['G', 'C', 'A/D', 'Gm', 'Bm', 'Fm7', 'Em7', 'E', 'D', 'A', 'Em', 'Bb', 'Bm7', 'Am', 'H', 'Dm7', 'Dsus4', 'F', 'Dm', 'Esus4', 'Dmaj7', 'Dm/G']"
653,milow,ayo technology,4.60,146,novice,"['C', 'Em', 'Dsus2']"
654,the band perry,if i die young,4.74,1160,novice,"['G', 'D6add9/A', 'A', 'D']"
655,passenger,let her go,4.73,346,intermediate,"['C', 'Am', 'G', 'F', 'Em']"
656,smash mouth,all star,4.75,1610,,"['C#dim', 'G', 'Am', 'C', 'D', 'F']"
657,mark ronson,uptown funk,4.42,289,,"['G', 'Am', 'C', 'D', 'Dm', 'F']"
658,the beatles,if i fell,4.84,1205,,"['Em7', 'D9', 'G', 'D', 'Gm', 'Bbm', 'F#m', 'Fdim7', 'A7', 'Ebm', 'A', 'Em', 'Db']"
659,paramore,misery business,4.81,616,,"['C2', 'G', 'C', 'D', 'Em']"
660,misc soundtrack,the greatest showman rewrite the stars,4.82,841,novice,"['G', 'C', 'D', 'Bm', 'D/F#', 'Em']"
661,zz top,beer drinkers and hell raisers,4.09,23,,"['A6', 'Em7', 'A5', 'E', 'D', 'B6', 'B5']"
662,x,los angeles,4.46,15,,"['C', 'G', 'E', 'D', 'A', 'Bb']"
663,guns n roses,dont cry,4.81,1369,novice,"['Gb', 'C', 'Am', 'G', 'E', 'Dm', 'F', 'G/B', 'Ab', 'Eb', 'Db', 'Bb']"
664,justin bieber,boyfriend,4.52,238,novice,"['C', 'Am', 'G', 'Dm', 'Em']"
665,rachel platten,fight song,4.82,1536,novice,"['Em7', 'G', 'D', 'Cadd9', 'G/B', 'Em']"
666,ween,roses are free,3.77,4,,"['G', 'G#', 'F', 'A#', 'A']"
667,tom petty,free fallin,4.77,1786,novice,"['G5', 'Asus4', 'D5', 'A5', 'Gsus2', 'D', 'Asus']"
668,katy perry,teenage dream,4.55,291,,"['Cmaj7', 'E', 'D', 'Dmaj7', 'F#m', 'Em']"
669,matt nathanson,come on get higher,4.85,708,novice,"['Em7', 'G', 'D', 'Cadd9', 'Csus']"
670,of monsters and men,dirty paws,4.87,1366,,"['C', 'Am', 'G', 'Fmaj7', 'G/B']"
671,maroon 5,wont go home without you,4.80,672,,"['D7/F#', 'C', 'C/B', 'Am', 'G', 'Dm', 'F', 'Eb', 'Bb']"
672,elton john,your song,4.84,1454,intermediate,"['Asus4', 'Dsus4', 'D/A', 'G', 'G/D', 'A/D', 'D', 'G6', 'F#', 'A/C#', 'Bm', 'D/F#', 'F#m', 'Bm/A', 'A', 'Em', 'Gmaj7', 'Bm/G#']"
673,the beatles,yesterday,4.79,919,,"['Dm7', 'Em7', 'C', 'G7', 'A7add11', 'F', 'Dm', 'C7', 'A7', 'Bb']"
674,justin bieber,as long as you love me,4.58,323,intermediate,"['F', 'Am', 'G', 'G/D']"
675,one direction,history,4.83,612,,"['C', 'Gm', 'F', 'Dm', 'Cm7', 'C7', 'A7', 'Bb']"
676,xtc,ball and chain,"0,&q",0,,"['G5', 'C', 'D', 'F', 'C7sus4', 'Bb']"
677,lynyrd skynyrd,free bird,4.69,839,,"['Dsus4', 'G', 'C', 'D', 'F', 'D/F#', 'Em', 'Bb']"
678,john mayer,free fallin,4.71,319,novice,"['B', 'A', 'E']"
679,dewa 19,risalah hati,4.81,65,novice,"['Ab', 'G', 'Am', 'C', 'E', 'Gm', 'D', 'F', 'Dm', 'Fm', 'A', 'Em', 'Eb', 'Cm', 'Bb']"
680,chris tomlin,shout to the lord,4.76,998,intermediate,"['G', 'C', 'F6', 'C/E', 'D', 'F', 'Em']"
681,x,the hungry wolf,4.73,3,,"['C', 'B', 'G', 'E', 'D']"
682,chris tomlin,amazing grace my chains are gone,4.83,1282,novice,"['G', 'D', 'Cadd9', 'Am7', 'G/B']"
683,lynyrd skynyrd,sweet home alabama,4.74,805,novice,"['G', 'C', 'D', 'F', 'Cadd9']"
684,zac brown band,colder weather,4.84,2011,novice,"['Gadd9', 'G', 'F#7', 'D', 'Bm', 'D/F#', 'A', 'Em']"
685,adele,skyfall,4.45,174,intermediate,"['Cm/D#', 'Cm7/D#', 'G', 'F', 'Bm', 'Gsus4', 'Ab', 'Cm', 'Bb']"
686,the wallflowers,the difference,3.54,7,,"['C#', 'B', 'G#', 'E', 'F#', 'A']"
687,jack johnson,upside down,4.81,915,intermediate,"['B', 'E', 'F#m', 'G#m', 'A']"
688,the fray,you found me,4.52,130,,"['B', 'E', 'F#', 'G#m']"
689,misc soundtrack,the greatest showman this is me,4.81,1223,,"['G', 'Bm', 'A', 'D']"
690,december avenue,sa ngalan ng pag ibig,4.82,220,,"['Bm7', 'Em7', 'Asus4', 'Dsus2/A', 'D/F#', 'Cadd9', 'Csus2', 'Gmaj7', 'Bbmaj7']"
691,bee gees,how deep is your love,4.62,149,novice,"['Asus4', 'Gm6', 'G', 'Am', 'D', 'Gm', 'Em6', 'Dmaj7', 'F#m', 'B7', 'Gmaj7', 'Em']"
692,the beatles,blackbird,4.70,423,,"['C#dim', 'Em/Eb', 'G', 'C', 'D#dim', 'C/E', 'D', 'D7sus4', 'D7', 'F', 'Dm', 'A7', 'Am7', 'G/B', 'Em', 'Cm', 'Bb6']"
693,keane,somewhere only we know,4.86,2418,,"['Esus', 'E', 'D', 'A/C#', 'Bm', 'C#m', 'F#m', 'A', 'Amaj7']"
694,ralph mctell,streets of london,4.80,1644,,"['D7/F#', 'C', 'Am', 'G', 'Dm/F', 'G7', 'F/C', 'F', 'Am/G', 'C/G', 'G/B', 'Em']"
695,radiohead,fake plastic trees,4.88,2316,,"['Asus4', 'Dmaj9/F#', 'E6', 'Dsus2/B', 'Bm7add11', 'Dsus2', 'A', 'Amaj7']"
696,pnk,dear mr president,4.82,865,novice,"['Am/B', 'G', 'C', 'Am', 'D', 'Am7', 'A', 'Em']"
697,khalid,young dumb and broke,4.83,674,novice,"['F', 'C', 'Dm']"
698,the head and the heart,rivers and roads,4.88,2603,novice,"['C', 'Am', 'F']"
699,colbie caillat,bubbly,4.72,868,novice,"['E', 'D', 'Bm', 'C#m', 'A', 'Amaj7']"
700,misc christmas,joy to the world,4.72,653,,"['G', 'C', 'D']"
701,radiohead,exit music for a film,4.89,1222,,"['D7/F#', 'Asus4', 'Asus2', 'Dadd9/F', 'Am/C', 'Am', 'B', 'E', 'Gmadd11', 'Dadd9/F#', 'Esus4', 'F', 'B7', 'C/G', 'A', 'Bb']"
702,bob dylan,mr tambourine man,4.83,2014,intermediate,"['Dsus2', 'A', 'D', 'G']"
703,george ezra,budapest,4.80,1188,,"['G', 'C', 'D']"
704,angus julia stone,big jet plane,4.85,1760,novice,"['C', 'Am', 'G', 'G6', 'Fmaj7', 'Em']"
705,birdy,skinny love,4.85,928,,"['E', 'C#m', 'F#m', 'G#m', 'A']"
706,tab,594514,4.76,310,,"['D/A', 'C#m7', 'C', 'Am', 'G', 'E', 'D', 'G#', 'F#', 'F', 'D/F#', 'E7', 'F#m', 'A', 'E/G#']"
707,vance joy,riptide,4.77,2395,novice,"['Dadd9', 'C', 'G', 'D', 'Em']"
708,adele,skyfall,4.81,1156,intermediate,"['F/E', 'Esus', 'Bb7b5', 'Asus2/C', 'Am', 'E', 'D', 'E/C', 'F', 'Dm', 'Am/G', 'Esus/B', 'Dm7/A', 'E5/A', 'D/C', 'Bm7b5']"
709,the black eyed peas,i gotta feeling,4.82,323,,"['Em7', 'G', 'C', 'C/B', 'G6/B', 'Csus2', 'Gsus4', 'Em']"
710,naif,benci untuk mencinta,4.87,198,,"['C#', 'G', 'C', 'Gm', 'D', 'F#', 'D7', 'Em/D#', 'Bm', 'D/C#', 'Dmaj7', 'F#m', 'D/C', 'A7', 'D/B', 'A', 'Em']"
711,pink floyd,mother,4.80,723,novice,"['G', 'C', 'D', 'F']"
712,milky chance,stolen dance,4.85,1025,novice,"['C', 'G', 'D', 'B7', 'Em']"
713,jessie j,price tag,4.53,71,intermediate,"['G', 'Bm', 'D', 'F#m']"
714,sam smith,lay me down,4.65,76,intermediate,"['B', 'E', 'D', 'Bm', 'C#m', 'F#m', 'G#m', 'A']"
715,bruno mars,locked out of heaven,4.74,398,novice,"['C', 'Gm', 'F', 'Dm', 'A', 'Bb']"
716,katy perry,i kissed a girl,4.79,621,novice,"['C', 'Am', 'E/A', 'E', 'G', 'F/A', 'Dm', 'F', 'Dm/A', 'Am7', 'Em']"
717,yeng constantino,hawak kamay,4.63,98,intermediate,"['Em7', 'G', 'C', 'Am', 'D', 'Bm', 'Cadd9']"
718,katy perry,the one that got away,4.83,677,novice,"['C', 'Am', 'G', 'F', 'Dm', 'Em']"
719,one direction,one thing,4.45,42,,"['G', 'Bm', 'A', 'D']"
720,the chainsmokers,dont let me down,4.83,508,,"['A', 'E', 'D', 'F#m']"
721,maroon 5,payphone,4.82,736,,"['Em7', 'Dsus4', 'G', 'B', 'E', 'D', 'Cadd9', 'A']"
722,james taylor,fire and rain,4.81,2984,intermediate,"['Asus2', 'G', 'E', 'D', 'Bm', 'A7', 'A', 'Em']"
723,one direction,what makes you beautiful,4.67,428,novice,"['C', 'F', 'Am', 'G']"
724,the beatles,here comes the sun,4.76,332,intermediate,"['G', 'C', 'D', 'F', 'A7sus4', 'E7', 'A7', 'G/B']"
725,j r a ,by chance you and i,4.82,190,,"['G', 'Am', 'D', 'C']"
726,keane,everybodys changing,4.84,1142,,"['Dm7', 'Asus2', 'C', 'Cmaj7', 'G', 'Am', 'F(b5)', 'G7', 'C4', 'F6', 'F', 'Dm', 'Fmaj7', 'A', 'Em', 'Dm6']"
727,the kooks,seaside,4.85,1225,,"['C', 'G', 'Dm', 'F', 'G/F', 'Bb']"
728,ed sheeran,give me love,4.84,400,novice,"['C', 'Am', 'G', 'D', 'Em', 'Ab']"
729,lukas graham,love someone,4.85,1914,,"['C', 'Am', 'G', 'F', 'Dm', 'Em', 'Gadd11']"
730,misc soundtrack,the sound of music edelweiss,4.86,2533,,"['F6/9', 'G', 'C', 'C/E', 'D', 'D7', 'A7', 'Am7', 'Em', 'Cm/Eb']"
731,fourtwnty,aku tenang,4.84,160,novice,"['G', 'C', 'Am', 'D', 'Bm', 'Em']"
732,red hot chili peppers,dani california,4.79,1165,novice,"['G', 'Am', 'C', 'D', 'F#', 'Dm', 'F', 'Bm', 'E7']"
733,christina perri,jar of hearts,4.82,1176,novice,"['G', 'Am', 'C', 'E', 'D', 'F', 'Fm', 'Dm']"
734,the police,every breath you take,4.78,1426,intermediate,"['G', 'C', 'B', 'E', 'D', 'F#', 'F', 'C#m', 'A7', 'A', 'Em', 'Eb']"
735,the killers,human,4.87,961,,"['E', 'D', 'Bm', 'C#m', 'Fdim', 'F#m', 'A']"
736,lou reed,perfect day,4.85,1627,,"['G', 'Am', 'C', 'E', 'D', 'F', 'Dm', 'C#m', 'D/C#', 'F#m', 'D/B', 'A']"
737,avicii,hey brother,4.84,1689,,"['C', 'G', 'D', 'G6', 'D/F#', 'Em']"
738,dewa 19,pupus,4.78,213,novice,"['G', 'C', 'C/B', 'C/E', 'D', 'E', 'F#', 'D/F#', 'Am7', 'A', 'G/E', 'Am', 'Cmaj', 'G/D', 'B', 'G/F#', 'A/C#', 'C/A', 'Dsus4', 'Cmaj7', 'F', 'Cm']"
739,metallica,nothing else matters,4.83,3032,novice,"['C', 'Am', 'G', 'D', 'B7', 'A', 'Em']"
740,goo goo dolls,iris,4.82,1551,,"['Dsus4', 'Em7', 'G', 'A7sus4', 'Cadd9']"
741,green day,american idiot,4.64,679,,"['G', 'E', 'D', 'A', 'Bb']"
742,rascal flatts,what hurts the most,4.79,695,intermediate,"['Em7', 'Dsus4', 'C', 'G', 'D', 'Cadd9', 'Em', 'D#m']"
743,coldplay,green eyes,4.86,2032,,"['Bm7', 'G', 'E', 'D', 'Bm', 'A']"
744,shawn mendes,theres nothing holdin me back,4.69,419,novice,"['G', 'Bm', 'A', 'D']"
745,pnk,try,4.78,551,novice,"['G', 'Am', 'C', 'D', 'F', 'Bm', 'A']"
746,justin bieber,what do you mean,4.80,561,,"['G', 'D', 'Em', 'Cadd9']"
747,eagles,peaceful easy feeling,4.79,3110,,"['Dsus4', 'G', 'D', 'A7', 'Em']"
748,moira dela torre,ikaw at ako,4.89,342,novice,"['C/B', 'C', 'G', 'Am', 'Fmaj7']"
749,the mamas the papas,california dreamin,4.77,2024,,"['G', 'Am', 'C', 'E', 'E7sus4', 'F', 'Esus4', 'E7']"
750,jireh lim,magkabilang mundo,4.42,36,intermediate,"['Dsus4', 'Em7', 'G', 'C9', 'Am', 'Cm']"
751,sam smith,latch,4.86,886,,"['G', 'A7sus4', 'Em7', 'Cadd9']"
752,swedish house mafia,dont you worry child,4.40,112,novice,"['G', 'Bm', 'A', 'D']"
753,james morrison,you give me something,4.66,291,intermediate,"['EbM7', 'Dm7', 'Em7', 'C', 'G', 'Am', 'G7', 'Fm', 'F', 'D/F#', 'Em', 'Am7', 'Ab', 'Bb']"
754,the beatles,i saw her standing there,4.83,1145,intermediate,"['E7/G#', 'Am/C', 'Am', 'E', 'E9', 'E7', 'B7', 'A7', 'A']"
755,garth brooks,friends in low places,4.63,340,,"['G#dim7', 'G', 'Am', 'D', 'D7', 'Am7', 'Cm']"
756,amy winehouse,you know im no good,4.89,356,,"['Am', 'Gm', 'Dm', 'F', 'E7', 'A7']"
757,virgoun,bukti,4.79,219,novice,"['G', 'Am', 'C', 'Dm/F', 'D', 'E', 'F', 'D/F#', 'G/B', 'Em']"
758,the beatles,twist and shout,4.78,169,novice,"['D9', 'C#', 'G', 'B', 'C', 'D', 'A7', 'A', 'Bb']"
759,julia michaels,issues,4.83,1322,novice,"['C', 'Em', 'D', 'G']"
760,ali gatie,its you,4.84,849,novice,"['F', 'Am', 'C', 'G']"
761,michael jackson,heal the world,4.59,278,,"['Bm7', 'C#m7', 'G', 'B', 'C#', 'E', 'D', 'Bm7/E', 'F#', 'D#m7', 'G#', 'Fm', 'C#m', 'A#m', 'F#m', 'G#m', 'A', 'D#m']"
762,imagine dragons,its time,4.84,1039,novice,"['G', 'D', 'Bm', 'A', 'Em']"
763,colbie caillat,bubbly,3.92,60,,"['E', 'D', 'C#m', 'A', 'Amaj7']"
764,sia,chandelier,4.56,168,novice,"['G', 'Am', 'C/E', 'F', 'Em']"
765,misc christmas,o holy night,4.76,831,intermediate,"['C', 'Am', 'G7', 'F', 'Dm', 'B7', 'Em']"
766,kari jobe,revelation song,4.88,1127,novice,"['C', 'Am', 'G', 'D', 'F']"
767,bob marley,is this love,4.71,482,,"['E', 'D', 'Bm', 'C#m', 'Dmaj7', 'F#m', 'A']"
768,pink floyd,time,4.79,1539,novice,"['Bm7', 'Em7', 'C#m7', 'C', 'G', 'E', 'F/B', 'D7', 'Bm', 'Dmaj7', 'F#m', 'Em', 'Fmaj7', 'A', 'Amaj7']"
769,john denver,annies song,4.76,995,,"['Dsus4', 'G', 'D', 'Bm', 'D/C#', 'F#m', 'A7', 'A', 'Em']"
770,elvis presley,cant help falling in love,4.85,1212,,"['C#7', 'D/A', 'G', 'B', 'D', 'Bm', 'F#m', 'F#m/C#', 'Bm/A', 'A', 'Em']"
771,foo fighters,everlong,4.79,746,novice,"['G5', 'D5', 'Bsus2', 'A5', 'Gsus2', 'D', 'Dmaj7', 'B5', 'A']"
772,i belong to the zoo,sana,4.77,379,novice,"['Em7', 'G', 'Am', 'Dsus4/F#', 'Bm', 'Dsus2', 'Cadd9']"
773,jesus culture,your love never fails,4.73,327,,"['C', 'Am', 'G', 'D', 'Em']"
774,shawn mendes,stitches,4.81,2606,novice,"['G', 'Am', 'C', 'F', 'Em']"
775,maroon 5,sunday morning,4.86,1887,intermediate,"['C', 'Dm7', 'G7']"
776,rascal flatts,bless the broken road,4.70,267,,"['C', 'Am', 'G', 'F']"
777,my chemical romance,welcome to the black parade,4.63,581,novice,"['G', 'C', 'Am', 'B', 'D', 'E', 'D/F#', 'F#m', 'A', 'G/B', 'Em', 'Cm', 'E/G#']"
778,neil young,old man,4.67,1036,,"['FM7', 'Dsus4', 'Em7', 'D9', 'C', 'G', 'D', 'F', 'D/F#', 'Am7']"
779,acdc,back in black,4.19,368,,"['G', 'B', 'C', 'E', 'D', 'A/C#', 'A']"
780,the kooks,she moves in her own way,4.79,817,,"['G', 'C', 'Am', 'D', 'Bm', 'Em']"
781,guns n roses,patience,4.64,426,novice,"['Dsus4', 'C', 'G', 'D', 'F', 'Dsus2', 'A', 'Em']"
782,coldplay,a sky full of stars,4.79,1364,novice,"['G', 'Am', 'C', 'F', 'Em']"
783,michael jackson,billie jean,4.58,101,,"['F#m/E', 'C', 'G/D', 'B7', 'Am7', 'Em']"
784,taylor swift,mine,4.73,376,novice,"['C', 'Em', 'D', 'G']"
785,the chainsmokers,something just like this,4.81,473,novice,"['G', 'D', 'Bm', 'D/F#', 'Dmaj7', 'Bsus4', 'A']"
786,mcfly,all about you,4.85,783,,"['C', 'Am', 'G', 'E', 'D7', 'Dm', 'F', 'C7', 'Fm']"
787,blink 182,all the small things,4.67,831,,"['C', 'F', 'G']"
788,charlie puth,attention,4.88,443,novice,"['Dm', 'C', 'Am', 'Bb']"
789,weezer,say it aint so,4.65,499,intermediate,"['G', 'Am', 'C', 'E', 'G/F#', 'F', 'Eb']"
790,bee gees,how deep is your love,4.88,988,advanced,"['Bm7', 'Em7', 'G/A', 'Gm6', 'F#7', 'C9', 'D', 'G6', 'F#m7', 'Am6', 'Dmaj7', 'B7', 'A7', 'Gmaj7']"
791,amy winehouse,valerie,4.57,298,,"['B', 'F#m7', 'Emaj7', 'G#m', 'Amaj7']"
792,sam smith,im not the only one,4.87,817,novice,"['F7', 'C', 'Am', 'G', 'E']"
793,jimi hendrix,all along the watchtower,4.73,664,,"['Ab', 'Cm', 'Bb']"
794,miley cyrus,wrecking ball,4.71,1099,novice,"['G', 'D', 'Bm', 'F#m', 'A']"
795,chris tomlin,our god,4.83,689,novice,"['C', 'Am', 'G', 'D', 'D/F#', 'G/B', 'Em']"
796,join the club,nobela,4.81,85,intermediate,"['G', 'C', 'Gm', 'Bm', 'Eb', 'E', 'D', 'D7', 'F#m', 'A', 'Ab', 'Bb', 'Bm9', 'B', 'Am', 'G#m', 'Db', 'Gb', 'GM7', 'C#m', 'DM7']"
797,the lumineers,stubborn love,4.82,795,,"['C', 'Em', 'D', 'G']"
798,all time low,remembering sunday,4.87,1073,novice,"['Cmaj7', 'G', 'D', 'Dsus2', 'Cadd9', 'A7', 'Em']"
799,bob dylan,the times they are a changin,4.77,366,intermediate,"['D/A', 'G', 'C', 'Am', 'D', 'Cadd9', 'G/B', 'Em']"
800,blink 182,i miss you,4.71,721,novice,"['C2', 'G', 'D', 'D/F#', 'Em']"
801,billie eilish,bellyache,4.86,2424,novice,"['Em/B', 'C', 'Am', 'E', 'C/G', 'Em']"
802,the cure,just like heaven,4.89,1857,,"['G', 'E', 'D', 'Bm', 'F#m', 'A']"
803,rihanna,love on the brain,4.87,1396,,"['G', 'Am', 'C', 'D', 'F', 'Em']"
804,backstreet boys,i want it that way,4.72,332,,"['C#', 'B', 'E', 'D', 'F#', 'F#m', 'G#m', 'A']"
805,alt j,breezeblocks,4.76,1668,novice,"['Am/C', 'A5', 'C', 'Am', 'E', 'D', 'F', 'Am/E', 'Em']"
806,the red jumpsuit apparatus,your guardian angel,3.94,27,intermediate,"['C', 'C/E', 'F', 'Dm', 'Bb']"
807,celine dion,beauty and the beast,4.69,587,,"['Bm7', 'C', 'Am', 'G', 'B', 'D', 'E', 'F', 'Bm', 'E7', 'F#m', 'A', 'Em', 'Bb']"
808,leonard cohen,hallelujah,4.83,2468,novice,"['C', 'Am', 'G', 'E', 'F']"
809,the rolling stones,angie,4.73,400,,"['C', 'G', 'C/G', 'A5', 'E5', 'Am7', 'Gsus4/B', 'Am', 'Gsus4', 'Dm9', 'Am9', 'Dm7', 'Fsus4', 'F', 'Dm', 'Csus4', 'E7', 'Dsus2', 'Cadd4']"
810,david cook,always be my baby,4.71,146,novice,"['G', 'C9', 'Am', 'C', 'D', 'B', 'A', 'Em']"
811,andmesh kamaleng,cinta luar biasa,4.83,133,intermediate,"['Asus2', 'B', 'E', 'D', 'B/D#', 'A/C#', 'Bm/F#', 'F#', 'Bm', 'C#m', 'Dsus2', 'F#m', 'G#m', 'A', 'F#/A#', 'E/G#']"
812,limp bizkit,behind blue eyes,4.85,1485,,"['Asus2', 'G', 'E', 'G6', 'D', 'Esus4', 'Bm', 'Dsus2', 'Cadd9', 'Em']"
813,eraserheads,magasin,4.78,218,,"['C', 'Am', 'E', 'F', 'Fm', 'E/Ab']"
814,rex orange county,best friend,4.88,1782,novice,"['A6', 'B', 'G#', 'E', 'Am', 'E7', 'A', 'Amaj7']"
815,cee lo green,forget you,4.68,347,,"['C', 'Am', 'G', 'D7', 'F', 'Dm', 'Em']"
816,tom petty,i wont back down,4.81,2049,,"['G', 'C', 'Em', 'D']"
817,avril lavigne,when youre gone,4.86,525,,"['C', 'G', 'Am', 'D', 'A/C#', 'Bm', 'D/F#', 'B7', 'G/B', 'Em']"
818,frank sinatra,my way,4.77,649,,"['Dm7', 'Em7', 'C', 'Am', 'C/B', 'G', 'Gm', 'G7', 'Dm', 'C7', 'F', 'Fm', 'A7', 'A', 'Em', 'Bb']"
819,fleetwood mac,go your own way,4.78,904,,"['F', 'C', 'Dm', 'Bb']"
820,the rolling stones,you cant always get what you want,4.73,700,,"['Gadd9', 'G', 'C', 'D', 'A']"
821,lana del rey,born to die,4.85,759,,"['G', 'B', 'C', 'E', 'D', 'Cmaj7', 'F#', 'A', 'Em']"
822,u2,i still havent found what im looking for,4.79,1524,,"['Fsus2', 'C', 'G', 'F', 'Csus4']"
823,john lennon,jealous guy,4.79,1073,,"['D6', 'Em7', 'Dsus4', 'Em7/D', 'G', 'C', 'Dm/F', 'D', 'Em6', 'D7', 'G/F#', 'Em', 'Bb']"
824,led zeppelin,stairway to heaven,4.30,134,,"['Em/D', 'Dsus4', 'Cmaj7/G#', 'G', 'Am', 'C', 'D', 'D/F#', 'Fmaj7', 'C/G', 'C/D', 'Am7', 'G/B']"
825,the shins,new slang,4.86,1470,,"['C', 'Am', 'G', 'F']"
826,hillsong live,christ is enough,4.83,611,,"['C', 'G', 'D', 'D/F#', 'Em']"
827,nina simone,feeling good,4.60,92,novice,"['Gm6', 'Bb', 'Am', 'C/E', 'D', 'Gm', 'Eb7', 'D7', 'C7', 'F', 'Gm/F', 'A7', 'Eb/G', 'Eb', 'Cm', 'Gm/D']"
828,kid rock,picture,4.72,1248,,"['G', 'C', 'Em', 'D']"
829,ron pope,a drop in the ocean,4.80,201,novice,"['C', 'Am', 'G', 'D', 'Em']"
830,clean bandit,rather be,4.68,567,,"['C', 'Am', 'G', 'D', 'Bm', 'D/F#', 'Em']"
831,moira dela torre,tagpuan,4.85,373,novice,"['Bm7', 'G', 'D', 'Cadd9', 'Am7', 'Cm']"
832,taylor swift,ours,4.88,352,,"['C', 'Am', 'G', 'F', 'G/B']"
833,onerepublic,stop and stare,4.87,967,,"['C', 'Am', 'G', 'F', 'Em']"
834,bob dylan,blowin in the wind,4.80,1171,novice,"['G', 'Bm', 'A', 'D']"
835,justin bieber,mistletoe,4.80,488,,"['G', 'Em7', 'Dsus4', 'Cadd9']"
836,the proclaimers,im gonna be 500 miles,4.72,572,,"['B', 'E', 'C#m', 'F#m', 'A']"
837,avril lavigne,keep holding on,4.83,492,novice,"['G', 'C', 'Am', 'D', 'Em']"
838,bruno mars,versace on the floor,4.85,535,intermediate,"['G', 'Gm', 'Bm', 'Eb', 'Em7', 'Aadd9', 'D', 'E', 'F#m', 'Am7', 'A', 'Ab', 'Em', 'Bb', 'Bm7', 'A6', 'Asus4', 'B', 'Am', 'Fm', 'Gmaj7', 'Db', 'F#m7', 'Cm']"
839,hootie the blowfish,let her cry,4.82,1305,,"['G', 'C', 'Em', 'D']"
840,zac brown band,toes,4.81,1379,novice,"['A', 'E', 'D']"
841,christina aguilera,hurt,4.68,120,intermediate,"['C', 'Am', 'B', 'B/D#', 'D', 'E', 'A/C#', 'Em']"
842,aj rafael,we could happen,4.88,213,novice,"['G', 'C', 'D', 'G7', 'Dm', 'Bm', 'A7', 'Am7', 'Em', 'Cm']"
843,tab,745630,4.82,998,novice,"['C', 'G', 'Am', 'D', 'Am7', 'Em']"
844,jimmy bondoc,let me be the one,4.57,79,,"['C#', 'C', 'B', 'E', 'D', 'A/C#', 'F', 'Bm', 'C#m', 'Esus4', 'B7', 'F#m', 'A']"
845,michael dutchi libranda,binalewala,4.86,194,novice,"['Em7', 'G', 'Dsus', 'Cadd9', 'G/B']"
846,taylor swift,last kiss,4.84,809,novice,"['Em7', 'G', 'C', 'D', 'Cadd9']"
847,christina perri,human,4.87,1344,novice,"['G', 'Em7', 'Dsus4', 'Cadd9']"
848,queen,i want to break free,4.82,938,,"['F#sus4', 'B', 'E', 'F#', 'C#m', 'E5', 'A']"
849,taylor swift,blank space,4.81,454,,"['C', 'Am', 'G', 'Dm', 'F']"
850,snow patrol,run,4.64,388,,"['G', 'Am', 'C', 'F']"
851,howie day,collide,4.81,1539,,"['G', 'C', 'Em', 'D']"
852,arctic monkeys,fluorescent adolescent,4.89,947,intermediate,"['B', 'E', 'C#m', 'F#m', 'G#m', 'A']"
853,sufian suhaimi,di matamu,4.83,97,novice,"['G', 'Am', 'E', 'Dm', 'F']"
854,stevie wonder,isnt she lovely,4.78,202,,"['C#m7', 'E', 'G#7#5', 'F#9', 'Amaj7', 'F#13', 'A/B']"
855,rod stewart,i dont want to talk about it,4.79,311,novice,"['G', 'Am', 'C', 'D', 'D/F#', 'Em']"
856,oasis,whatever,4.86,477,,"['Dsus4', 'Em7', 'G', 'E', 'F#', 'A7sus4', 'Dsus4/F#', 'Cadd9', 'A2', 'B5']"
857,amy macdonald,this is the life,4.83,1327,novice,"['F', 'Am', 'Em', 'C']"
858,nirvana,heart shaped box,4.74,813,,"['D5', 'A5', 'Am', 'D', 'F', 'D(7)', 'A', 'F5']"
859,louis armstrong,la vie en rose,4.79,231,novice,"['Em7', 'G', 'D', 'F#m7', 'A7', 'Em']"
860,america,sister golden hair,4.77,1659,,"['G', 'Am', 'C', 'F', 'Dm', 'Csus4', 'Em']"
861,meghan trainor,just a friend to you,4.85,307,novice,"['C', 'Am', 'G', 'E/B', 'A/C#', 'Dm', 'F']"
862,coldplay,green eyes,4.80,347,,"['Dsus4', 'G', 'Am', 'C/B', 'C', 'D', 'F', 'D/F#', 'C/G']"
863,arctic monkeys,cornerstone,4.92,1145,novice,"['E6', 'E', 'D', 'Dm', 'Bm', 'C#m', 'F#m', 'A']"
864,weezer,island in the sun,4.86,1943,intermediate,"['G', 'Am', 'C', 'D', 'Em']"
865,regina spektor,the call,4.87,1281,novice,"['G', 'C', 'D', 'D7', 'Em']"
866,leonard cohen,hallelujah,4.69,312,,"['C', 'C/B', 'G', 'Am', 'E', 'F']"
867,justin timberlake,cry me a river,4.53,300,novice,"['C', 'B', 'Em', 'Am']"
868,robbie williams,angels,4.68,483,,"['B', 'E', 'D', 'Bm', 'C#m', 'F#m', 'G#m', 'A']"
869,adam levine,lost stars,4.88,1785,intermediate,"['G', 'C', 'D', 'Dm', 'F', 'Fmaj7', 'Gsus4', 'Em']"
870,the lumineers,stubborn love,4.87,1416,novice,"['C', 'Am', 'G', 'Fmaj7', 'C/G', 'Cadd4']"
871,kings of leon,use somebody,4.81,684,,"['C', 'F', 'Em', 'Am']"
872,hillsongs,the stand,4.84,416,novice,"['Bm7', 'E', 'D', 'A/C#', 'Bm', 'F#m', 'A']"
873,misc children,twinkle twinkle little star,4.74,598,novice,"['C', 'F', 'G7']"
874,oasis,wonderwall,4.72,351,novice,"['Dsus4', 'Em7', 'G', 'Gsus2', 'Dadd4/F#', 'A7sus4', 'Cadd9', 'Em11']"
875,bobby helms,jingle bell rock,4.79,1246,intermediate,"['D6', 'G', 'E', 'D', 'Gm', 'D7', 'E7', 'Dmaj7', 'B7', 'A7', 'A', 'Em']"
876,phil collins,youll be in my heart,4.82,828,,"['Em7', 'D/A', 'C', 'G', 'Gsus2', 'E', 'Gm', 'D', 'B', 'F', 'Bm', 'C#m', 'F#m', 'G#m', 'A', 'Bb']"
877,stealers wheel,stuck in the middle with you,4.76,1389,intermediate,"['D6', 'D5', 'Am7add11', 'C', 'G', 'D', 'G7', 'D7', 'D7sus2', 'A']"
878,adele,chasing pavements,4.60,143,novice,"['Fm7', 'Gm/Bb', 'F7-9', 'Bb7-9', 'F7sus4', 'G7', 'Bb7', 'Gm', 'Ab7', 'Ab9', 'Gm7/Bb', 'Ab-5', 'Gm7', 'Fm/Ab', 'Cm7', 'Ab', 'Eb', 'Cm']"
879,atmosfera,berakhirlah sudah,4.75,32,novice,"['C', 'Am', 'G', 'F', 'Em']"
880,red hot chili peppers,scar tissue,4.76,839,,"['F', 'C', 'Dm', 'Fsus2']"
881,michael jackson,billie jean,4.62,608,,"['Bm', 'D', 'C#7', 'F#m']"
882,dj snake,let me love you,4.81,498,novice,"['C', 'Am', 'G', 'F', 'Dm', 'Em']"
883,blind melon,no rain,4.79,1670,,"['G', 'E', 'D', 'E7', 'A']"
884,damien rice,cannonball,4.71,596,,"['Em7', 'G', 'C', 'D', 'G/F#', 'Cadd9']"
885,daniela andrade,la vie en rose,4.88,666,novice,"['D', 'G6', 'Dmaj7/F#', 'F#m7', 'A7', 'Em']"
886,bon jovi,always,4.81,575,,"['G', 'B', 'E', 'D', 'Bm', 'C#m', 'F#m', 'G#m', 'A']"
887,adele,one and only,4.84,363,intermediate,"['Dm7', 'Fsus4', 'C', 'Am', 'Gm', 'F', 'Dm', 'Cadd9', 'Eb', 'Bb']"
888,michael jackson,beat it,4.70,525,,"['C', 'Em', 'D']"
889,b o b,airplanes,4.56,353,novice,"['C', 'Em', 'G']"
890,iaxe,akoy sa iyo ikay akin,4.61,22,,"['Bm7', 'AM7', 'C#m7', 'E', 'D', 'Dm', 'F#m7', 'C#m', 'F#m', 'A7', 'DM7', 'A']"
891,fall out boy,sugar were going down,4.84,1055,,"['G', 'C', 'D', 'Bm', 'F#m', 'A', 'Em']"
892,iron wine,flightless bird american mouth,4.89,1443,novice,"['C', 'Am', 'G', 'F']"
893,andra day,rise up,4.86,1330,novice,"['C', 'Am', 'G', 'F']"
894,misc cartoons,frozen let it go,4.71,555,,"['C', 'Am', 'G', 'E', 'D', 'B', 'Bm', 'C#m', 'A', 'Em', 'Bb']"
895,kelly clarkson,breakaway,4.80,486,,"['G', 'Am', 'C', 'D', 'F']"
896,all sons daughters,great are you lord,4.79,1224,novice,"['E', 'D', 'Asus', 'F#m', 'A', 'D2']"
897,frank sinatra,my way,4.84,1519,intermediate,"['Bm7', 'Em7', 'Asus4', 'Em7/D', 'G', 'D', 'Gm', 'D7', 'Dmaj7', 'B7', 'Em7/C#', 'A7', 'Gsus4', 'A', 'Em', 'F#m']"
898,coldplay,hymn for the weekend,4.82,996,novice,"['Dm', 'Am', 'G', 'F']"
899,amy winehouse,valerie,4.75,226,,"['B', 'E', 'F#m', 'G#m', 'A']"
900,corinne bailey rae,put your records on,4.82,1732,novice,"['G', 'C', 'Cmaj7', 'Cmmaj7', 'B7', 'A7', 'Am7', 'Em']"
901,misc soundtrack,dilan rindu sendiri,4.87,151,intermediate,"['Am', 'B', 'E', 'E9', 'F#', 'G#7', 'C#m', 'Bm', 'F#m', 'G#m', 'A', 'D#m']"
902,samsons,kenangan terindah,4.72,98,,"['C', 'Am', 'G', 'D', 'Dm', 'F', 'F#m', 'G#m', 'Em']"
903,lewis capaldi,before you go,4.87,2045,novice,"['Asus4', 'G', 'D', 'Bm', 'A']"
904,creed,one last breath,4.79,564,,"['G', 'D', 'F#', 'Bm', 'A', 'Em']"
905,the beatles,oh darling,4.82,847,,"['Bm7', 'F7', 'E', 'D', 'Bb7', 'E7', 'B7', 'F#m', 'E+', 'A7', 'A']"
906,colbie caillat,bubbly,4.86,1200,,"['G', 'C', 'Am', 'D', 'Bm', 'D/F#']"
907,sugarland,stay,4.84,836,,"['G', 'D', 'Bm', 'D/F#', 'A', 'Em', 'A#dim']"
908,bob dylan,knockin on heavens door,4.84,371,novice,"['G', 'C', 'D', 'Am']"
909,3 doors down,here without you,4.61,262,,"['G', 'Am', 'C', 'F']"
910,survivor,eye of the tiger,4.40,159,,"['Eb/G', 'Fm', 'Cm7', 'Ab', 'Eb', 'Cm', 'Bb']"
911,psy,gangnam style,4.05,227,novice,"['G', 'Am', 'E', 'F', 'A']"
912,john mayer,slow dancing in a burning room,4.70,273,novice,"['G', 'Am', 'C', 'F', 'Dm11']"
913,green day,holiday,4.76,1202,,"['B5', 'G5', 'D5', 'A5', 'C', 'B', 'G', 'C5', 'D', 'E', 'A', 'E5', 'F#5', 'Em']"
914,the beatles,let it be,4.70,574,novice,"['G', 'C', 'Em', 'D']"
915,adele,dont you remember,4.87,696,intermediate,"['G', 'D4', 'C', 'A4', 'Bm', 'G#m7', 'E', 'D', 'F/C', 'F#', 'D/F#', 'F#m', 'A', 'Em', 'Bb', 'Asus4', 'B', 'G#m', 'G#madd6', 'F#madd6', 'Dm', 'Dmaj7', 'Bsus4']"
916,sting,fields of gold,4.78,720,,"['Bm7', 'Dsus4', 'Bsus2', 'G', 'D', 'Bm', 'A', 'G/B']"
917,bruce springsteen,the river,4.81,2292,novice,"['G', 'C', 'Am', 'D', 'Em']"
918,the beatles,and i love her,4.86,1435,novice,"['B', 'E', 'Gm', 'D', 'Dm', 'C7', 'C#m', 'F', 'B7', 'F#m', 'G#m', 'A', 'Bb']"
919,incubus,drive,4.62,325,,"['Em7', 'Cmaj9', 'Cmaj7', 'A7', 'Em']"
920,lana del rey,video games,4.89,1185,,"['G', 'E', 'D', 'Dm', 'C#m', 'F#m', 'A']"
921,semisonic,closing time,4.86,1847,novice,"['G', 'Am', 'C', 'D', 'Ab', 'Eb', 'Cm', 'Bb']"
922,backstreet boys,i want it that way,4.68,373,,"['Em7', 'Dsus4', 'C', 'G', 'Am', 'E', 'D', 'B', 'Gm', 'Dsus2', 'F#m', 'Bsus4', 'A', 'Em']"
923,linkin park,in the end,4.68,359,,"['C', 'Em', 'D', 'G']"
924,lady gaga,poker face,4.71,217,,"['G', 'C', 'F', 'Bm', 'D/F#', 'Em']"
925,the cranberries,zombie,4.79,385,novice,"['Dsus4', 'C', 'Cmaj7', 'G', 'G6', 'D', 'D/F#', 'Em']"
926,daft punk,get lucky,4.76,986,novice,"['C', 'Am', 'Em', 'D']"
927,the smiths,please please please let me get what i want,4.87,1589,,"['C', 'G', 'Am', 'C7', 'Fmaj7', 'Gsus4', 'G/B', 'Em']"
928,fun ,we are young,4.82,1425,novice,"['C', 'Am', 'G', 'C/E', 'Dm', 'F', 'Gsus4', 'Em']"
929,iggy pop,the passenger,4.73,250,novice,"['G', 'Am', 'C', 'E', 'F']"
930,rihanna,fourfiveseconds,4.81,942,novice,"['C', 'G', 'Am', 'F', 'Dm', 'Gsus4', 'Em']"
931,drake,hotline bling,4.77,655,novice,"['C', 'Am', 'Em']"
932,sixpence none the richer,kiss me,4.77,365,novice,"['C', 'Cmaj7', 'G', 'C/B', 'Am', 'Dm', 'C7', 'Am/G', 'F', 'Fmaj7', 'Gsus4']"
933,chris cornell,like a stone,4.88,2106,advanced,"['Em7', 'Asus2', 'G', 'Am', 'C', 'E', 'D7', 'F', 'Fm', 'E7']"
934,ed sheeran,one,4.82,587,,"['G', 'D', 'Bm', 'D/C#', 'A', 'Em']"
935,misc praise songs,amazing grace,4.79,1848,novice,"['G', 'C', 'D', 'G7', 'Em']"
936,bob dylan,it aint me babe,4.84,1199,,"['G', 'C', 'Am', 'D', 'Bm']"
937,the beatles,dont let me down,4.63,248,,"['Amaj7/B', 'B', 'E', 'F#m7', 'Esus4', 'B7', 'F#m', 'F#m/B']"
938,anji,dia,4.91,316,novice,"['C', 'Am', 'G', 'C/E', 'E', 'D', 'F', 'Dm', 'G/B']"
939,chris brown,with you,4.54,138,novice,"['G', 'D', 'Bm', 'F#m7', 'A']"
940,mark lowry,mary did you know,4.74,406,,"['C', 'G', 'Am', 'D', 'B7sus4', 'D/F#', 'B7', 'Am7', 'Em', 'D2']"
941,lynyrd skynyrd,simple man,4.83,2653,novice,"['C', 'Am', 'Am7', 'G']"
942,khalid,location,4.84,845,novice,"['Em7', 'E7', 'Gm7', 'Fmaj7', 'C11sus2', 'Am7', 'Dm9', 'G#m7']"
943,pamungkas,one only,4.93,204,novice,"['C', 'Cmaj7', 'G', 'Am', 'F', 'Fm', 'Dm', 'Em']"
944,third eye blind,jumper,4.49,214,,"['C', 'Am', 'G']"
945,alicia keys,girl on fire,4.74,767,novice,"['G', 'C', 'D', 'Bm', 'Em']"
946,magnus haven,imahe,4.78,164,intermediate,"['DM7', 'C#m', 'E', 'Bm']"
947,boys like girls,two is better than one,4.27,42,novice,"['C', 'Am', 'G', 'F']"
948,the killers,when you were young,4.81,646,novice,"['A#m', 'B', 'E', 'F#', 'C#m', 'G#m', 'D#m']"
949,natalie imbruglia,torn,4.86,1131,,"['C', 'G', 'Am', 'F', 'Em']"
950,dean lewis,be alright,4.85,3224,novice,"['C', 'Em', 'D', 'G']"
951,taylor swift,mean,4.80,645,,"['G', 'Bm', 'A', 'D']"
952,fleetwood mac,landslide,4.80,1095,novice,"['G', 'C', 'Am', 'C/B', 'B', 'D', 'G/F#', 'D7', 'D/F#', 'Am7', 'A', 'Em']"
953,deep purple,soldier of fortune,4.84,570,,"['Dm7', 'C', 'G', 'Gm', 'D', 'Dm', 'F', 'Eb', 'Cm', 'Bb']"
954,taylor swift,ours,4.87,767,novice,"['Em7', 'G', 'D', 'D/F#', 'Cadd9']"
955,kari jobe,forever,4.86,1359,novice,"['G', 'C', 'D', 'G/B', 'Em']"
956,the beatles,love me do,4.67,367,novice,"['G', 'C', 'D', 'F', 'C/G']"
957,queen,under pressure,4.74,816,novice,"['G', 'C', 'D', 'F', 'A']"
958,kid rock,all summer long,4.82,1029,novice,"['C', 'D', 'G']"
959,bon iver,re stacks,4.89,738,intermediate,"['Dsus4', 'Em7', 'G', 'C', 'D', 'D7sus4', 'Cadd9', 'Am7']"
960,led zeppelin,stairway to heaven,4.65,1345,,"['Em/D', 'G', 'Am', 'C', 'D', 'F', 'D/F#', 'Fmaj7', 'C/D', 'Ammaj9', 'Am7']"
961,florida georgia line,cruise,4.82,761,novice,"['G', 'C', 'Em7', 'D']"
962,avril lavigne,my happy ending,4.67,478,,"['G', 'E', 'D', 'Bm', 'A', 'Em']"
963,richard marx,right here waiting,4.70,369,,"['Dm7', 'G', 'B', 'C', 'E', 'D', 'Am', 'F', 'A']"
964,shinedown,simple man,4.85,1121,,"['C', 'Am', 'G']"
965,prince,purple rain,4.77,1752,novice,"['G', 'C', 'Em', 'D']"
966,taylor swift,white horse,4.57,174,novice,"['C', 'G', 'Am', 'F', 'G/B', 'Bb']"
967,oasis,stop crying your heart out,4.86,855,intermediate,"['Em7', 'Asus2', 'Asus4', 'Esus', 'G', 'E', 'D', 'Bm', 'Bmadd11']"
968,yeng constantino,ikaw,4.80,112,intermediate,"['C#', 'C', 'Am', 'G#', 'C/E', 'Gm', 'F', 'Dm', 'Fm', 'Cm', 'Bb']"
969,sia,cheap thrills,4.85,397,novice,"['C', 'Em', 'D', 'G']"
970,up dharma down,tadhana,4.73,63,,"['Bmaj7', 'Bsus2', 'C#', 'D#m7', 'G#m']"
971,evanescence,my immortal,4.45,173,,"['G', 'C', 'C/B', 'Am', 'D', 'Bm', 'Em']"
972,stone sour,through glass,4.60,571,novice,"['C', 'Em', 'D7']"
973,adele,all i ask,4.88,388,,"['C7/E', 'B/D#', 'Gm', 'G#/D#', 'F/A', 'B/A', 'B7', 'C#7/F', 'E', 'C/E', 'D7', 'C7', 'D/F#', 'F#m', 'A', 'E/G#', 'E/D', 'G#/C', 'B', 'E/B', 'F#m7/B', 'G#m', 'C#7', 'Dm7', 'G#', 'Bb/C', 'F', 'F#m7', 'C#m', 'C7sus4', 'A/B']"
974,acdc,you shook me all night long,4.71,1228,novice,"['Dsus4', 'G', 'C', 'D', 'G/B']"
975,coldplay,the scientist,4.79,869,novice,"['D6', 'Em7', 'C', 'G', 'D7', 'Gmaj7']"
976,john lennon,working class hero,4.86,1263,intermediate,"['G', 'Am', 'D']"
977,misc cartoons,coco remember me lullaby,4.83,804,,"['C', 'Am', 'G', 'G7', 'Fm', 'C7', 'E7', 'F', 'Em', 'Bb']"
978,parokya ni edgar,halaga,4.79,68,novice,"['G', 'Bm', 'A', 'D']"
979,ed sheeran,small bump,4.84,1038,novice,"['G', 'Am', 'C', 'D', 'D/F#', 'Cadd9', 'Em']"
980,robbie williams,angels,4.83,1210,intermediate,"['C#m7', 'B', 'E', 'D', 'A/C#', 'Bm', 'C#m', 'F#m', 'A', 'E/G#']"
981,hillsong worship,mighty to save,4.48,90,novice,"['C', 'Em', 'D', 'G']"
982,bob marley,one love people get ready,4.77,483,,"['E', 'D', 'F', 'F#m', 'A', 'Eb', 'Bb']"
983,amanda seyfried,little house,4.87,331,novice,"['C', 'Em', 'D', 'G']"
984,vanessa williams,colors of the wind,4.80,523,,"['C', 'Am', 'G', 'Dm', 'F', 'Em']"
985,the temptations,my girl,4.75,1032,intermediate,"['Dm7', 'C', 'G', 'C(maj7)', 'D', 'F', 'Dm', 'F#m', 'A', 'Em']"
986,john mayer,your body is a wonderland,4.63,377,intermediate,"['Asus4', 'Gadd9', 'Bm9', 'G', 'D', 'Asus', 'F#m', 'Em']"
987,the black keys,little black submarines,4.86,2041,novice,"['G', 'Am', 'B', 'C', 'D', 'A']"
988,tab,1446000,4.67,94,novice,"['Gb', 'C', 'Am', 'E', 'F', 'Bbm', 'F/Ab', 'E/G', 'Db']"
989,walk the moon,shut up and dance,4.80,413,novice,"['G', 'C', 'Em', 'D']"
990,ed sheeran,the a team,4.72,246,novice,"['Dadd9', 'G', 'C', 'Cadd9', 'D#', 'F#m', 'Am7', 'Em']"
991,maroon 5,maps,4.82,293,,"['B', 'G#', 'C#m', 'F#m', 'A']"
992,cyndi lauper,true colors,4.55,154,,"['Dm7', 'G', 'Am', 'C', 'F', 'Dm', 'F9', 'Em']"
993,sia,elastic heart,4.87,881,,"['C', 'Em', 'D', 'G']"
994,tracy chapman,fast car,4.81,583,,"['Cmaj7', 'C', 'G', 'D', 'Dadd11', 'Em']"
995,lessons guitar,all the chords,4.92,2670,,['A']
996,the marshall tucker band,cant you see,4.80,1964,,"['C', 'D', 'G']"
997,creedence clearwater revival,fortunate son,4.65,457,,"['G', 'F', 'D', 'C']"
998,no doubt,dont speak,4.82,1145,novice,"['B5', 'G5', 'Em7', 'D5', 'C', 'B', 'Am', 'C5', 'D', 'G#5', 'F', 'Bm', 'F#m', 'E5', 'A', 'Em', 'Bb']"
999,alicia keys,no one,4.77,509,novice,"['C', 'Am', 'G', 'F']"
